Equipment_ID,Date,Planned_Production_Time_min,Run_Time_min,Ideal_Cycle_Time_min,Total_Count,Good_Count
EQ-1000,2025-01-01,480,438,1.06,342,328
EQ-1000,2025-01-02,480,423,1.35,270,264
EQ-1000,2025-01-03,480,457,0.91,324,314
EQ-1000,2025-01-04,480,478,1.03,353,346
EQ-1000,2025-01-05,480,437,0.81,251,244
EQ-1000,2025-01-06,480,460,1.46,379,368
EQ-1000,2025-01-07,480,437,1.23,307,302
EQ-1000,2025-01-08,480,439,0.82,308,294
EQ-1000,2025-01-09,480,434,0.83,264,251
EQ-1000,2025-01-10,480,429,1.23,357,351
EQ-1000,2025-01-11,480,430,1.21,380,376
EQ-1000,2025-01-12,480,463,1.28,322,316
EQ-1000,2025-01-13,480,431,1.46,309,296
EQ-1000,2025-01-14,480,479,1.07,339,335
EQ-1000,2025-01-15,480,474,1.28,360,349
EQ-1000,2025-01-16,480,446,1.23,257,243
EQ-1000,2025-01-17,480,477,1.44,299,292
EQ-1000,2025-01-18,480,439,1.02,383,378
EQ-1000,2025-01-19,480,437,1.2,395,386
EQ-1000,2025-01-20,480,433,1.46,263,249
EQ-1000,2025-01-21,480,465,1.03,289,285
EQ-1000,2025-01-22,480,457,1.32,360,356
EQ-1000,2025-01-23,480,440,1.05,373,361
EQ-1000,2025-01-24,480,456,1.01,294,294
EQ-1000,2025-01-25,480,437,1.49,337,337
EQ-1000,2025-01-26,480,430,1.01,312,302
EQ-1000,2025-01-27,480,476,1.29,282,272
EQ-1000,2025-01-28,480,474,1.45,290,279
EQ-1000,2025-01-29,480,448,1.4,261,260
EQ-1000,2025-01-30,480,444,0.84,311,304
EQ-1000,2025-01-31,480,454,1.31,353,348
EQ-1000,2025-02-01,480,467,1.19,350,336
EQ-1000,2025-02-02,480,426,1.39,254,245
EQ-1000,2025-02-03,480,472,1.34,352,342
EQ-1000,2025-02-04,480,421,1.3,339,330
EQ-1000,2025-02-05,480,432,0.88,312,306
EQ-1000,2025-02-06,480,451,1.02,345,342
EQ-1000,2025-02-07,480,452,0.9,392,382
EQ-1000,2025-02-08,480,430,0.96,320,310
EQ-1000,2025-02-09,480,436,0.91,315,306
EQ-1000,2025-02-10,480,453,1.01,383,372
EQ-1000,2025-02-11,480,470,0.95,333,320
EQ-1000,2025-02-12,480,442,1.03,341,333
EQ-1000,2025-02-13,480,454,1.43,378,370
EQ-1000,2025-02-14,480,440,1.1,365,353
EQ-1000,2025-02-15,480,444,1.01,386,373
EQ-1000,2025-02-16,480,449,1.28,308,303
EQ-1000,2025-02-17,480,432,1.16,362,349
EQ-1000,2025-02-18,480,442,0.98,261,248
EQ-1000,2025-02-19,480,432,1.15,362,358
EQ-1000,2025-02-20,480,479,1.5,362,361
EQ-1000,2025-02-21,480,449,1.09,336,332
EQ-1000,2025-02-22,480,479,1.44,396,383
EQ-1000,2025-02-23,480,470,1.17,317,311
EQ-1000,2025-02-24,480,443,1.06,394,380
EQ-1000,2025-02-25,480,475,1.06,365,364
EQ-1000,2025-02-26,480,472,1.08,393,393
EQ-1000,2025-02-27,480,478,1.02,319,307
EQ-1000,2025-02-28,480,478,1.21,396,387
EQ-1000,2025-03-01,480,429,1.37,397,391
EQ-1000,2025-03-02,480,463,1.46,377,371
EQ-1000,2025-03-03,480,424,1.39,260,249
EQ-1000,2025-03-04,480,474,0.88,291,289
EQ-1000,2025-03-05,480,429,1.26,339,331
EQ-1000,2025-03-06,480,433,1.17,251,251
EQ-1000,2025-03-07,480,426,1.48,286,276
EQ-1000,2025-03-08,480,433,1.04,348,346
EQ-1000,2025-03-09,480,427,1.39,397,390
EQ-1000,2025-03-10,480,432,1.35,365,355
EQ-1000,2025-03-11,480,446,0.91,353,350
EQ-1000,2025-03-12,480,452,1.06,348,340
EQ-1000,2025-03-13,480,479,1.0,359,358
EQ-1000,2025-03-14,480,467,1.28,317,317
EQ-1000,2025-03-15,480,473,1.03,397,390
EQ-1000,2025-03-16,480,433,1.39,394,394
EQ-1000,2025-03-17,480,426,0.87,364,359
EQ-1000,2025-03-18,480,436,0.98,287,282
EQ-1000,2025-03-19,480,454,1.14,257,247
EQ-1000,2025-03-20,480,453,1.36,279,279
EQ-1000,2025-03-21,480,477,1.27,310,308
EQ-1000,2025-03-22,480,437,0.82,298,298
EQ-1000,2025-03-23,480,475,1.46,295,291
EQ-1000,2025-03-24,480,452,1.06,286,279
EQ-1000,2025-03-25,480,421,1.1,344,342
EQ-1000,2025-03-26,480,456,1.4,316,315
EQ-1000,2025-03-27,480,478,1.08,303,294
EQ-1000,2025-03-28,480,449,1.2,273,272
EQ-1000,2025-03-29,480,439,1.27,376,366
EQ-1000,2025-03-30,480,448,1.41,266,259
EQ-1000,2025-03-31,480,439,0.9,288,276
EQ-1000,2025-04-01,480,456,1.37,348,347
EQ-1000,2025-04-02,480,474,1.23,309,300
EQ-1000,2025-04-03,480,473,1.15,269,269
EQ-1000,2025-04-04,480,469,1.29,393,380
EQ-1000,2025-04-05,480,447,1.42,392,381
EQ-1000,2025-04-06,480,456,0.87,335,333
EQ-1000,2025-04-07,480,423,0.91,374,369
EQ-1000,2025-04-08,480,439,1.4,298,295
EQ-1000,2025-04-09,480,421,1.38,303,293
EQ-1000,2025-04-10,480,421,1.03,257,253
EQ-1000,2025-04-11,480,477,0.95,254,248
EQ-1000,2025-04-12,480,434,1.39,365,352
EQ-1000,2025-04-13,480,431,1.29,301,289
EQ-1000,2025-04-14,480,425,1.16,396,396
EQ-1000,2025-04-15,480,426,0.99,341,332
EQ-1000,2025-04-16,480,458,0.98,366,353
EQ-1000,2025-04-17,480,480,1.1,389,385
EQ-1000,2025-04-18,480,447,0.92,250,236
EQ-1000,2025-04-19,480,441,0.97,367,359
EQ-1000,2025-04-20,480,442,1.45,378,366
EQ-1000,2025-04-21,480,452,1.26,318,313
EQ-1000,2025-04-22,480,465,1.09,325,316
EQ-1000,2025-04-23,480,452,0.91,335,327
EQ-1000,2025-04-24,480,432,0.88,318,304
EQ-1000,2025-04-25,480,455,1.02,393,384
EQ-1000,2025-04-26,480,448,1.14,288,285
EQ-1000,2025-04-27,480,423,1.13,350,344
EQ-1000,2025-04-28,480,447,1.23,318,315
EQ-1000,2025-04-29,480,462,0.98,387,378
EQ-1000,2025-04-30,480,476,1.15,250,243
EQ-1000,2025-05-01,480,465,1.28,265,258
EQ-1000,2025-05-02,480,461,1.25,377,367
EQ-1000,2025-05-03,480,448,1.2,373,373
EQ-1000,2025-05-04,480,478,1.37,350,339
EQ-1000,2025-05-05,480,437,1.37,323,313
EQ-1000,2025-05-06,480,435,0.99,261,247
EQ-1000,2025-05-07,480,464,0.81,284,278
EQ-1000,2025-05-08,480,471,1.26,342,333
EQ-1000,2025-05-09,480,474,0.82,364,356
EQ-1000,2025-05-10,480,470,0.88,363,351
EQ-1000,2025-05-11,480,424,1.41,270,258
EQ-1000,2025-05-12,480,457,1.18,350,342
EQ-1000,2025-05-13,480,463,1.36,348,345
EQ-1000,2025-05-14,480,458,0.98,345,338
EQ-1000,2025-05-15,480,432,1.45,286,275
EQ-1000,2025-05-16,480,446,1.28,272,264
EQ-1000,2025-05-17,480,461,0.87,266,266
EQ-1000,2025-05-18,480,422,1.38,335,323
EQ-1000,2025-05-19,480,440,0.87,349,338
EQ-1000,2025-05-20,480,453,1.39,258,252
EQ-1000,2025-05-21,480,462,1.47,377,374
EQ-1000,2025-05-22,480,476,1.15,393,389
EQ-1000,2025-05-23,480,422,1.01,274,271
EQ-1000,2025-05-24,480,465,0.95,302,296
EQ-1000,2025-05-25,480,439,1.35,358,354
EQ-1000,2025-05-26,480,423,1.48,391,377
EQ-1000,2025-05-27,480,434,1.11,324,323
EQ-1000,2025-05-28,480,437,0.9,323,314
EQ-1000,2025-05-29,480,468,1.41,256,243
EQ-1000,2025-05-30,480,454,0.96,386,385
EQ-1000,2025-05-31,480,444,1.29,254,242
EQ-1000,2025-06-01,480,480,0.96,385,373
EQ-1000,2025-06-02,480,474,1.42,394,380
EQ-1000,2025-06-03,480,475,1.49,381,378
EQ-1000,2025-06-04,480,437,1.3,268,256
EQ-1000,2025-06-05,480,455,1.19,340,331
EQ-1000,2025-06-06,480,436,1.03,375,373
EQ-1000,2025-06-07,480,461,0.81,375,366
EQ-1000,2025-06-08,480,440,0.88,310,296
EQ-1000,2025-06-09,480,453,1.32,380,368
EQ-1000,2025-06-10,480,425,1.47,362,354
EQ-1000,2025-06-11,480,423,1.17,366,361
EQ-1000,2025-06-12,480,460,0.81,310,296
EQ-1000,2025-06-13,480,424,0.83,396,393
EQ-1000,2025-06-14,480,466,1.17,298,285
EQ-1000,2025-06-15,480,427,1.12,366,361
EQ-1000,2025-06-16,480,449,1.07,261,252
EQ-1000,2025-06-17,480,457,0.84,351,340
EQ-1000,2025-06-18,480,453,1.23,257,248
EQ-1000,2025-06-19,480,421,1.25,385,376
EQ-1000,2025-06-20,480,445,1.21,350,342
EQ-1000,2025-06-21,480,448,1.49,394,386
EQ-1000,2025-06-22,480,446,1.09,390,377
EQ-1000,2025-06-23,480,476,1.38,331,329
EQ-1000,2025-06-24,480,451,1.23,259,252
EQ-1000,2025-06-25,480,426,1.41,358,354
EQ-1000,2025-06-26,480,463,1.09,367,367
EQ-1000,2025-06-27,480,455,1.49,260,256
EQ-1000,2025-06-28,480,454,1.07,335,325
EQ-1000,2025-06-29,480,446,1.2,347,339
EQ-1001,2025-01-01,480,475,0.89,398,392
EQ-1001,2025-01-02,480,443,1.28,344,340
EQ-1001,2025-01-03,480,428,1.44,272,268
EQ-1001,2025-01-04,480,460,1.46,332,332
EQ-1001,2025-01-05,480,430,1.12,359,359
EQ-1001,2025-01-06,480,480,0.99,253,240
EQ-1001,2025-01-07,480,453,1.27,281,280
EQ-1001,2025-01-08,480,423,0.99,288,279
EQ-1001,2025-01-09,480,422,1.16,367,365
EQ-1001,2025-01-10,480,476,1.02,303,292
EQ-1001,2025-01-11,480,433,0.86,306,306
EQ-1001,2025-01-12,480,479,1.14,334,321
EQ-1001,2025-01-13,480,421,1.36,352,347
EQ-1001,2025-01-14,480,463,1.49,299,298
EQ-1001,2025-01-15,480,447,1.07,340,338
EQ-1001,2025-01-16,480,451,1.04,328,317
EQ-1001,2025-01-17,480,476,1.24,300,300
EQ-1001,2025-01-18,480,464,1.36,387,380
EQ-1001,2025-01-19,480,476,1.14,333,326
EQ-1001,2025-01-20,480,468,1.49,302,301
EQ-1001,2025-01-21,480,430,0.95,292,282
EQ-1001,2025-01-22,480,470,1.18,329,315
EQ-1001,2025-01-23,480,441,0.9,257,254
EQ-1001,2025-01-24,480,449,1.29,274,272
EQ-1001,2025-01-25,480,423,1.13,342,341
EQ-1001,2025-01-26,480,463,0.96,270,266
EQ-1001,2025-01-27,480,460,1.0,310,305
EQ-1001,2025-01-28,480,469,1.18,382,374
EQ-1001,2025-01-29,480,467,0.94,283,283
EQ-1001,2025-01-30,480,424,1.03,322,313
EQ-1001,2025-01-31,480,438,1.14,305,292
EQ-1001,2025-02-01,480,455,1.44,310,310
EQ-1001,2025-02-02,480,446,1.41,257,257
EQ-1001,2025-02-03,480,425,0.93,296,282
EQ-1001,2025-02-04,480,467,1.14,277,271
EQ-1001,2025-02-05,480,467,1.12,358,349
EQ-1001,2025-02-06,480,478,0.9,364,358
EQ-1001,2025-02-07,480,421,1.43,356,342
EQ-1001,2025-02-08,480,430,0.88,287,285
EQ-1001,2025-02-09,480,453,0.97,368,364
EQ-1001,2025-02-10,480,459,0.81,266,260
EQ-1001,2025-02-11,480,464,1.03,293,285
EQ-1001,2025-02-12,480,471,1.04,274,271
EQ-1001,2025-02-13,480,434,1.35,358,357
EQ-1001,2025-02-14,480,473,1.21,283,269
EQ-1001,2025-02-15,480,440,1.21,332,323
EQ-1001,2025-02-16,480,422,1.04,275,274
EQ-1001,2025-02-17,480,444,1.05,358,353
EQ-1001,2025-02-18,480,475,1.45,399,395
EQ-1001,2025-02-19,480,451,1.06,361,358
EQ-1001,2025-02-20,480,450,0.93,311,298
EQ-1001,2025-02-21,480,478,0.84,386,380
EQ-1001,2025-02-22,480,445,1.17,289,285
EQ-1001,2025-02-23,480,461,1.5,255,254
EQ-1001,2025-02-24,480,475,1.48,253,239
EQ-1001,2025-02-25,480,443,1.48,343,336
EQ-1001,2025-02-26,480,473,1.27,328,318
EQ-1001,2025-02-27,480,475,1.13,293,289
EQ-1001,2025-02-28,480,461,1.48,317,315
EQ-1001,2025-03-01,480,434,1.16,362,351
EQ-1001,2025-03-02,480,444,1.3,391,386
EQ-1001,2025-03-03,480,438,1.15,349,337
EQ-1001,2025-03-04,480,425,1.22,383,382
EQ-1001,2025-03-05,480,479,0.89,387,376
EQ-1001,2025-03-06,480,480,1.03,379,376
EQ-1001,2025-03-07,480,472,0.9,322,322
EQ-1001,2025-03-08,480,446,1.22,287,281
EQ-1001,2025-03-09,480,421,1.04,298,294
EQ-1001,2025-03-10,480,425,1.48,327,323
EQ-1001,2025-03-11,480,446,1.49,325,323
EQ-1001,2025-03-12,480,421,1.45,313,308
EQ-1001,2025-03-13,480,440,1.39,321,311
EQ-1001,2025-03-14,480,446,1.33,309,296
EQ-1001,2025-03-15,480,422,0.91,254,252
EQ-1001,2025-03-16,480,456,1.24,311,308
EQ-1001,2025-03-17,480,441,1.41,338,337
EQ-1001,2025-03-18,480,449,1.12,353,340
EQ-1001,2025-03-19,480,466,1.12,346,340
EQ-1001,2025-03-20,480,434,1.2,394,394
EQ-1001,2025-03-21,480,441,1.07,302,295
EQ-1001,2025-03-22,480,474,1.24,383,381
EQ-1001,2025-03-23,480,466,1.31,291,288
EQ-1001,2025-03-24,480,451,1.42,282,279
EQ-1001,2025-03-25,480,448,1.43,287,279
EQ-1001,2025-03-26,480,477,1.29,282,269
EQ-1001,2025-03-27,480,422,1.2,259,255
EQ-1001,2025-03-28,480,468,1.33,367,362
EQ-1001,2025-03-29,480,429,0.88,358,351
EQ-1001,2025-03-30,480,452,1.08,385,381
EQ-1001,2025-03-31,480,479,0.96,325,313
EQ-1001,2025-04-01,480,445,0.81,364,362
EQ-1001,2025-04-02,480,476,1.18,292,282
EQ-1001,2025-04-03,480,443,1.38,323,316
EQ-1001,2025-04-04,480,455,0.96,272,258
EQ-1001,2025-04-05,480,468,1.46,389,380
EQ-1001,2025-04-06,480,421,0.9,360,353
EQ-1001,2025-04-07,480,476,1.22,349,346
EQ-1001,2025-04-08,480,439,1.45,321,307
EQ-1001,2025-04-09,480,472,1.34,280,271
EQ-1001,2025-04-10,480,441,1.1,278,265
EQ-1001,2025-04-11,480,480,1.39,260,254
EQ-1001,2025-04-12,480,435,0.88,398,389
EQ-1001,2025-04-13,480,427,0.93,306,306
EQ-1001,2025-04-14,480,434,1.16,392,388
EQ-1001,2025-04-15,480,429,0.84,386,377
EQ-1001,2025-04-16,480,429,1.35,284,270
EQ-1001,2025-04-17,480,479,1.18,324,319
EQ-1001,2025-04-18,480,438,1.13,340,340
EQ-1001,2025-04-19,480,429,0.82,274,268
EQ-1001,2025-04-20,480,432,1.09,337,337
EQ-1001,2025-04-21,480,453,1.35,399,390
EQ-1001,2025-04-22,480,464,0.95,298,292
EQ-1001,2025-04-23,480,459,1.47,397,392
EQ-1001,2025-04-24,480,474,0.86,353,353
EQ-1001,2025-04-25,480,458,1.22,390,377
EQ-1001,2025-04-26,480,452,1.1,311,298
EQ-1001,2025-04-27,480,462,1.24,279,272
EQ-1001,2025-04-28,480,434,0.85,327,325
EQ-1001,2025-04-29,480,451,1.17,362,361
EQ-1001,2025-04-30,480,480,1.19,312,309
EQ-1001,2025-05-01,480,478,1.03,304,298
EQ-1001,2025-05-02,480,421,1.06,359,358
EQ-1001,2025-05-03,480,449,1.36,304,293
EQ-1001,2025-05-04,480,480,1.3,342,335
EQ-1001,2025-05-05,480,458,1.19,316,309
EQ-1001,2025-05-06,480,424,1.27,321,316
EQ-1001,2025-05-07,480,448,1.36,316,314
EQ-1001,2025-05-08,480,446,1.19,257,256
EQ-1001,2025-05-09,480,435,0.97,327,320
EQ-1001,2025-05-10,480,426,1.38,391,377
EQ-1001,2025-05-11,480,474,1.43,256,247
EQ-1001,2025-05-12,480,433,1.32,334,332
EQ-1001,2025-05-13,480,421,0.93,285,273
EQ-1001,2025-05-14,480,476,1.29,378,364
EQ-1001,2025-05-15,480,458,1.04,379,377
EQ-1001,2025-05-16,480,444,0.82,269,265
EQ-1001,2025-05-17,480,428,1.09,386,385
EQ-1001,2025-05-18,480,457,1.01,335,324
EQ-1001,2025-05-19,480,435,0.88,369,359
EQ-1001,2025-05-20,480,464,1.13,363,361
EQ-1001,2025-05-21,480,436,0.99,289,288
EQ-1001,2025-05-22,480,435,1.08,271,261
EQ-1001,2025-05-23,480,447,1.49,278,266
EQ-1001,2025-05-24,480,463,0.99,324,319
EQ-1001,2025-05-25,480,440,1.17,291,288
EQ-1001,2025-05-26,480,456,0.99,266,262
EQ-1001,2025-05-27,480,428,1.15,325,319
EQ-1001,2025-05-28,480,450,0.81,276,268
EQ-1001,2025-05-29,480,436,1.41,347,336
EQ-1001,2025-05-30,480,464,1.27,387,375
EQ-1001,2025-05-31,480,479,1.09,371,358
EQ-1001,2025-06-01,480,430,0.92,356,356
EQ-1001,2025-06-02,480,452,0.86,364,355
EQ-1001,2025-06-03,480,445,1.07,289,279
EQ-1001,2025-06-04,480,446,1.3,288,281
EQ-1001,2025-06-05,480,457,1.46,304,290
EQ-1001,2025-06-06,480,448,1.46,318,311
EQ-1001,2025-06-07,480,446,0.99,397,395
EQ-1001,2025-06-08,480,422,1.39,330,317
EQ-1001,2025-06-09,480,441,1.22,322,314
EQ-1001,2025-06-10,480,441,1.31,310,300
EQ-1001,2025-06-11,480,478,1.1,288,286
EQ-1001,2025-06-12,480,430,0.85,357,346
EQ-1001,2025-06-13,480,462,0.99,347,336
EQ-1001,2025-06-14,480,464,1.02,298,286
EQ-1001,2025-06-15,480,434,1.47,304,304
EQ-1001,2025-06-16,480,462,0.86,329,322
EQ-1001,2025-06-17,480,458,1.31,398,398
EQ-1001,2025-06-18,480,456,1.31,274,273
EQ-1001,2025-06-19,480,440,1.25,308,299
EQ-1001,2025-06-20,480,465,1.46,296,287
EQ-1001,2025-06-21,480,459,1.45,275,271
EQ-1001,2025-06-22,480,428,1.44,263,249
EQ-1001,2025-06-23,480,431,1.31,364,357
EQ-1001,2025-06-24,480,451,1.1,331,317
EQ-1001,2025-06-25,480,439,0.84,395,385
EQ-1001,2025-06-26,480,457,1.25,263,249
EQ-1001,2025-06-27,480,478,0.96,294,293
EQ-1001,2025-06-28,480,466,1.29,357,351
EQ-1001,2025-06-29,480,459,1.36,253,241
EQ-1002,2025-01-01,480,439,1.02,265,253
EQ-1002,2025-01-02,480,439,1.41,304,302
EQ-1002,2025-01-03,480,463,1.49,262,250
EQ-1002,2025-01-04,480,435,1.46,372,366
EQ-1002,2025-01-05,480,437,1.05,311,307
EQ-1002,2025-01-06,480,451,1.24,370,361
EQ-1002,2025-01-07,480,476,1.09,352,349
EQ-1002,2025-01-08,480,467,1.31,252,240
EQ-1002,2025-01-09,480,444,1.01,317,316
EQ-1002,2025-01-10,480,432,0.83,322,308
EQ-1002,2025-01-11,480,423,1.07,389,379
EQ-1002,2025-01-12,480,442,1.36,373,368
EQ-1002,2025-01-13,480,470,1.42,295,288
EQ-1002,2025-01-14,480,422,1.43,301,298
EQ-1002,2025-01-15,480,427,1.08,342,328
EQ-1002,2025-01-16,480,438,1.23,359,350
EQ-1002,2025-01-17,480,475,0.92,252,245
EQ-1002,2025-01-18,480,458,1.36,303,289
EQ-1002,2025-01-19,480,423,1.42,348,345
EQ-1002,2025-01-20,480,446,1.17,372,363
EQ-1002,2025-01-21,480,457,1.33,311,311
EQ-1002,2025-01-22,480,434,1.43,262,255
EQ-1002,2025-01-23,480,444,0.82,317,304
EQ-1002,2025-01-24,480,478,0.86,354,347
EQ-1002,2025-01-25,480,478,0.99,278,270
EQ-1002,2025-01-26,480,472,1.47,325,316
EQ-1002,2025-01-27,480,470,1.03,274,270
EQ-1002,2025-01-28,480,443,0.86,373,359
EQ-1002,2025-01-29,480,463,0.98,382,373
EQ-1002,2025-01-30,480,453,0.86,309,297
EQ-1002,2025-01-31,480,441,0.85,330,329
EQ-1002,2025-02-01,480,430,1.42,311,299
EQ-1002,2025-02-02,480,447,1.38,305,298
EQ-1002,2025-02-03,480,457,1.18,282,277
EQ-1002,2025-02-04,480,422,1.36,341,341
EQ-1002,2025-02-05,480,436,1.41,262,252
EQ-1002,2025-02-06,480,454,1.29,349,335
EQ-1002,2025-02-07,480,438,1.33,256,252
EQ-1002,2025-02-08,480,439,1.47,280,274
EQ-1002,2025-02-09,480,451,0.89,356,352
EQ-1002,2025-02-10,480,479,1.44,331,328
EQ-1002,2025-02-11,480,479,1.38,261,255
EQ-1002,2025-02-12,480,432,1.0,295,285
EQ-1002,2025-02-13,480,447,1.19,353,339
EQ-1002,2025-02-14,480,446,1.24,337,325
EQ-1002,2025-02-15,480,449,0.89,323,315
EQ-1002,2025-02-16,480,451,1.39,309,295
EQ-1002,2025-02-17,480,461,1.33,271,268
EQ-1002,2025-02-18,480,464,1.28,317,307
EQ-1002,2025-02-19,480,427,1.34,394,385
EQ-1002,2025-02-20,480,463,1.04,369,359
EQ-1002,2025-02-21,480,445,1.41,278,267
EQ-1002,2025-02-22,480,474,1.25,374,363
EQ-1002,2025-02-23,480,434,0.85,282,277
EQ-1002,2025-02-24,480,455,1.14,307,301
EQ-1002,2025-02-25,480,464,0.91,278,275
EQ-1002,2025-02-26,480,426,0.87,288,274
EQ-1002,2025-02-27,480,449,1.38,324,321
EQ-1002,2025-02-28,480,470,0.86,333,328
EQ-1002,2025-03-01,480,437,0.99,330,317
EQ-1002,2025-03-02,480,465,0.82,270,256
EQ-1002,2025-03-03,480,462,1.4,333,328
EQ-1002,2025-03-04,480,480,0.99,380,370
EQ-1002,2025-03-05,480,446,1.02,264,263
EQ-1002,2025-03-06,480,469,0.82,274,267
EQ-1002,2025-03-07,480,421,1.19,276,269
EQ-1002,2025-03-08,480,428,0.93,394,382
EQ-1002,2025-03-09,480,431,0.91,276,263
EQ-1002,2025-03-10,480,437,1.33,380,368
EQ-1002,2025-03-11,480,478,0.82,309,300
EQ-1002,2025-03-12,480,451,0.93,264,256
EQ-1002,2025-03-13,480,437,0.88,266,253
EQ-1002,2025-03-14,480,433,0.97,258,253
EQ-1002,2025-03-15,480,427,1.14,312,307
EQ-1002,2025-03-16,480,473,1.03,379,372
EQ-1002,2025-03-17,480,463,1.02,321,317
EQ-1002,2025-03-18,480,434,1.28,331,318
EQ-1002,2025-03-19,480,436,1.22,281,271
EQ-1002,2025-03-20,480,473,1.33,351,343
EQ-1002,2025-03-21,480,464,1.31,337,329
EQ-1002,2025-03-22,480,465,0.87,295,281
EQ-1002,2025-03-23,480,448,1.14,341,338
EQ-1002,2025-03-24,480,448,1.19,346,345
EQ-1002,2025-03-25,480,455,0.86,326,323
EQ-1002,2025-03-26,480,435,1.08,352,343
EQ-1002,2025-03-27,480,439,1.29,392,391
EQ-1002,2025-03-28,480,470,0.92,298,291
EQ-1002,2025-03-29,480,472,0.89,372,367
EQ-1002,2025-03-30,480,449,1.46,352,338
EQ-1002,2025-03-31,480,431,1.01,257,250
EQ-1002,2025-04-01,480,434,1.24,333,320
EQ-1002,2025-04-02,480,461,1.37,256,246
EQ-1002,2025-04-03,480,459,1.19,383,374
EQ-1002,2025-04-04,480,440,1.12,252,238
EQ-1002,2025-04-05,480,463,0.91,263,253
EQ-1002,2025-04-06,480,468,0.84,336,325
EQ-1002,2025-04-07,480,426,1.14,371,369
EQ-1002,2025-04-08,480,426,1.13,385,373
EQ-1002,2025-04-09,480,437,1.1,281,279
EQ-1002,2025-04-10,480,459,1.19,395,393
EQ-1002,2025-04-11,480,422,1.03,305,297
EQ-1002,2025-04-12,480,452,1.26,284,272
EQ-1002,2025-04-13,480,469,1.09,346,340
EQ-1002,2025-04-14,480,444,0.92,273,270
EQ-1002,2025-04-15,480,461,1.04,357,344
EQ-1002,2025-04-16,480,430,1.15,299,299
EQ-1002,2025-04-17,480,445,1.21,366,365
EQ-1002,2025-04-18,480,439,1.41,255,249
EQ-1002,2025-04-19,480,478,1.49,374,363
EQ-1002,2025-04-20,480,466,1.24,289,285
EQ-1002,2025-04-21,480,445,0.97,275,268
EQ-1002,2025-04-22,480,437,1.44,336,327
EQ-1002,2025-04-23,480,444,1.06,251,245
EQ-1002,2025-04-24,480,427,1.4,290,277
EQ-1002,2025-04-25,480,425,1.41,360,347
EQ-1002,2025-04-26,480,442,1.21,333,332
EQ-1002,2025-04-27,480,424,0.91,372,364
EQ-1002,2025-04-28,480,480,1.08,254,240
EQ-1002,2025-04-29,480,434,1.34,294,288
EQ-1002,2025-04-30,480,427,0.96,259,257
EQ-1002,2025-05-01,480,469,0.92,342,333
EQ-1002,2025-05-02,480,461,1.38,250,246
EQ-1002,2025-05-03,480,427,1.21,250,242
EQ-1002,2025-05-04,480,444,0.92,370,360
EQ-1002,2025-05-05,480,425,1.05,298,298
EQ-1002,2025-05-06,480,475,1.36,360,346
EQ-1002,2025-05-07,480,467,0.94,397,396
EQ-1002,2025-05-08,480,455,0.84,286,283
EQ-1002,2025-05-09,480,475,0.83,368,366
EQ-1002,2025-05-10,480,448,0.93,308,304
EQ-1002,2025-05-11,480,461,1.16,261,252
EQ-1002,2025-05-12,480,447,1.49,292,279
EQ-1002,2025-05-13,480,442,1.03,278,270
EQ-1002,2025-05-14,480,458,1.12,287,284
EQ-1002,2025-05-15,480,465,0.82,294,291
EQ-1002,2025-05-16,480,473,1.46,373,367
EQ-1002,2025-05-17,480,473,1.48,378,372
EQ-1002,2025-05-18,480,434,0.91,351,347
EQ-1002,2025-05-19,480,426,0.92,283,283
EQ-1002,2025-05-20,480,464,1.49,363,362
EQ-1002,2025-05-21,480,432,1.38,296,289
EQ-1002,2025-05-22,480,435,0.82,321,313
EQ-1002,2025-05-23,480,450,1.44,250,248
EQ-1002,2025-05-24,480,440,1.26,302,298
EQ-1002,2025-05-25,480,448,0.87,312,304
EQ-1002,2025-05-26,480,428,1.08,262,254
EQ-1002,2025-05-27,480,443,1.2,317,316
EQ-1002,2025-05-28,480,475,1.03,351,349
EQ-1002,2025-05-29,480,458,1.43,390,382
EQ-1002,2025-05-30,480,457,1.1,324,324
EQ-1002,2025-05-31,480,466,1.01,338,334
EQ-1002,2025-06-01,480,462,1.24,392,388
EQ-1002,2025-06-02,480,446,1.07,298,298
EQ-1002,2025-06-03,480,473,0.96,260,258
EQ-1002,2025-06-04,480,435,1.27,323,322
EQ-1002,2025-06-05,480,473,1.15,334,325
EQ-1002,2025-06-06,480,455,1.16,366,354
EQ-1002,2025-06-07,480,433,0.88,382,381
EQ-1002,2025-06-08,480,466,1.21,293,290
EQ-1002,2025-06-09,480,435,1.08,336,331
EQ-1002,2025-06-10,480,436,1.3,372,362
EQ-1002,2025-06-11,480,465,1.38,356,350
EQ-1002,2025-06-12,480,456,1.25,373,359
EQ-1002,2025-06-13,480,477,1.26,300,286
EQ-1002,2025-06-14,480,467,1.45,268,267
EQ-1002,2025-06-15,480,435,1.14,366,363
EQ-1002,2025-06-16,480,465,1.02,284,277
EQ-1002,2025-06-17,480,432,0.86,395,394
EQ-1002,2025-06-18,480,451,1.48,339,331
EQ-1002,2025-06-19,480,471,0.93,344,333
EQ-1002,2025-06-20,480,425,1.36,320,306
EQ-1002,2025-06-21,480,445,1.36,291,284
EQ-1002,2025-06-22,480,427,1.1,367,361
EQ-1002,2025-06-23,480,439,1.19,369,357
EQ-1002,2025-06-24,480,459,0.88,390,384
EQ-1002,2025-06-25,480,472,1.37,386,377
EQ-1002,2025-06-26,480,439,1.25,371,363
EQ-1002,2025-06-27,480,454,1.43,298,289
EQ-1002,2025-06-28,480,462,1.35,299,292
EQ-1002,2025-06-29,480,462,1.4,338,337
EQ-1003,2025-01-01,480,432,1.24,318,304
EQ-1003,2025-01-02,480,464,1.32,368,364
EQ-1003,2025-01-03,480,446,0.92,286,272
EQ-1003,2025-01-04,480,472,1.22,260,251
EQ-1003,2025-01-05,480,474,1.07,251,249
EQ-1003,2025-01-06,480,427,1.29,316,307
EQ-1003,2025-01-07,480,435,1.11,273,262
EQ-1003,2025-01-08,480,449,0.87,351,342
EQ-1003,2025-01-09,480,444,0.99,285,278
EQ-1003,2025-01-10,480,473,1.43,380,372
EQ-1003,2025-01-11,480,442,1.06,319,311
EQ-1003,2025-01-12,480,479,0.85,298,287
EQ-1003,2025-01-13,480,473,1.27,276,272
EQ-1003,2025-01-14,480,427,1.42,299,297
EQ-1003,2025-01-15,480,459,0.96,307,305
EQ-1003,2025-01-16,480,464,1.27,251,246
EQ-1003,2025-01-17,480,473,1.5,279,276
EQ-1003,2025-01-18,480,468,1.21,285,281
EQ-1003,2025-01-19,480,426,1.24,296,288
EQ-1003,2025-01-20,480,465,1.18,370,364
EQ-1003,2025-01-21,480,473,0.8,393,382
EQ-1003,2025-01-22,480,436,1.36,393,380
EQ-1003,2025-01-23,480,427,0.88,364,357
EQ-1003,2025-01-24,480,437,1.49,353,346
EQ-1003,2025-01-25,480,461,0.97,279,275
EQ-1003,2025-01-26,480,428,1.24,281,281
EQ-1003,2025-01-27,480,447,1.38,287,284
EQ-1003,2025-01-28,480,458,0.84,285,285
EQ-1003,2025-01-29,480,460,0.98,315,307
EQ-1003,2025-01-30,480,429,1.04,324,322
EQ-1003,2025-01-31,480,446,1.0,304,299
EQ-1003,2025-02-01,480,421,1.35,392,387
EQ-1003,2025-02-02,480,432,1.4,261,247
EQ-1003,2025-02-03,480,446,0.88,331,319
EQ-1003,2025-02-04,480,465,1.27,383,381
EQ-1003,2025-02-05,480,466,0.95,263,255
EQ-1003,2025-02-06,480,479,1.08,315,305
EQ-1003,2025-02-07,480,471,0.96,269,268
EQ-1003,2025-02-08,480,427,1.38,274,262
EQ-1003,2025-02-09,480,480,1.02,344,331
EQ-1003,2025-02-10,480,429,1.22,303,290
EQ-1003,2025-02-11,480,468,1.15,383,375
EQ-1003,2025-02-12,480,447,1.06,385,381
EQ-1003,2025-02-13,480,436,1.15,328,325
EQ-1003,2025-02-14,480,468,1.18,281,270
EQ-1003,2025-02-15,480,452,1.46,269,268
EQ-1003,2025-02-16,480,438,0.87,383,371
EQ-1003,2025-02-17,480,462,1.23,309,303
EQ-1003,2025-02-18,480,447,1.07,254,252
EQ-1003,2025-02-19,480,470,1.12,379,366
EQ-1003,2025-02-20,480,472,1.33,305,291
EQ-1003,2025-02-21,480,460,1.1,386,384
EQ-1003,2025-02-22,480,465,0.88,364,358
EQ-1003,2025-02-23,480,477,1.28,346,343
EQ-1003,2025-02-24,480,442,1.5,266,262
EQ-1003,2025-02-25,480,421,0.95,301,298
EQ-1003,2025-02-26,480,429,1.39,312,308
EQ-1003,2025-02-27,480,453,1.08,256,246
EQ-1003,2025-02-28,480,426,1.14,335,331
EQ-1003,2025-03-01,480,443,1.09,398,393
EQ-1003,2025-03-02,480,423,0.98,387,381
EQ-1003,2025-03-03,480,468,0.93,382,382
EQ-1003,2025-03-04,480,436,0.81,331,327
EQ-1003,2025-03-05,480,460,0.83,388,374
EQ-1003,2025-03-06,480,477,1.39,366,357
EQ-1003,2025-03-07,480,463,1.41,361,350
EQ-1003,2025-03-08,480,439,1.13,291,287
EQ-1003,2025-03-09,480,425,1.42,354,354
EQ-1003,2025-03-10,480,421,1.02,378,377
EQ-1003,2025-03-11,480,431,0.85,346,337
EQ-1003,2025-03-12,480,470,0.83,270,259
EQ-1003,2025-03-13,480,459,1.15,257,247
EQ-1003,2025-03-14,480,421,1.25,328,328
EQ-1003,2025-03-15,480,480,1.12,318,307
EQ-1003,2025-03-16,480,473,1.11,257,245
EQ-1003,2025-03-17,480,436,0.86,292,292
EQ-1003,2025-03-18,480,461,1.36,266,262
EQ-1003,2025-03-19,480,435,1.32,307,293
EQ-1003,2025-03-20,480,474,1.49,392,390
EQ-1003,2025-03-21,480,423,1.35,300,290
EQ-1003,2025-03-22,480,449,0.87,343,338
EQ-1003,2025-03-23,480,434,0.85,387,382
EQ-1003,2025-03-24,480,473,0.86,330,316
EQ-1003,2025-03-25,480,466,1.34,322,321
EQ-1003,2025-03-26,480,477,0.94,298,295
EQ-1003,2025-03-27,480,431,1.34,371,365
EQ-1003,2025-03-28,480,441,1.03,389,379
EQ-1003,2025-03-29,480,449,0.88,262,258
EQ-1003,2025-03-30,480,447,1.32,281,270
EQ-1003,2025-03-31,480,441,0.89,264,264
EQ-1003,2025-04-01,480,421,1.22,308,295
EQ-1003,2025-04-02,480,429,1.07,363,358
EQ-1003,2025-04-03,480,435,0.97,281,279
EQ-1003,2025-04-04,480,423,0.81,398,396
EQ-1003,2025-04-05,480,432,1.37,368,362
EQ-1003,2025-04-06,480,468,0.98,267,263
EQ-1003,2025-04-07,480,435,0.95,375,368
EQ-1003,2025-04-08,480,437,1.31,384,378
EQ-1003,2025-04-09,480,438,0.84,335,330
EQ-1003,2025-04-10,480,468,0.99,341,329
EQ-1003,2025-04-11,480,466,0.92,278,274
EQ-1003,2025-04-12,480,466,0.86,299,285
EQ-1003,2025-04-13,480,468,1.15,337,326
EQ-1003,2025-04-14,480,478,1.09,346,339
EQ-1003,2025-04-15,480,452,1.01,268,262
EQ-1003,2025-04-16,480,456,0.87,357,343
EQ-1003,2025-04-17,480,439,1.33,360,353
EQ-1003,2025-04-18,480,437,1.19,321,321
EQ-1003,2025-04-19,480,446,1.31,381,374
EQ-1003,2025-04-20,480,438,1.08,355,354
EQ-1003,2025-04-21,480,442,1.02,398,385
EQ-1003,2025-04-22,480,433,1.23,315,307
EQ-1003,2025-04-23,480,455,1.35,335,326
EQ-1003,2025-04-24,480,467,1.39,261,261
EQ-1003,2025-04-25,480,470,0.94,370,367
EQ-1003,2025-04-26,480,462,1.33,319,312
EQ-1003,2025-04-27,480,477,1.5,381,367
EQ-1003,2025-04-28,480,446,1.31,273,268
EQ-1003,2025-04-29,480,442,0.9,303,296
EQ-1003,2025-04-30,480,477,0.8,287,274
EQ-1003,2025-05-01,480,426,0.93,269,269
EQ-1003,2025-05-02,480,457,1.41,263,261
EQ-1003,2025-05-03,480,477,0.87,304,301
EQ-1003,2025-05-04,480,451,0.84,273,272
EQ-1003,2025-05-05,480,432,1.36,309,307
EQ-1003,2025-05-06,480,436,1.25,399,392
EQ-1003,2025-05-07,480,428,1.32,307,302
EQ-1003,2025-05-08,480,445,1.35,268,256
EQ-1003,2025-05-09,480,448,0.89,362,356
EQ-1003,2025-05-10,480,422,0.86,365,365
EQ-1003,2025-05-11,480,424,1.36,296,286
EQ-1003,2025-05-12,480,464,1.45,294,294
EQ-1003,2025-05-13,480,454,1.25,397,383
EQ-1003,2025-05-14,480,421,1.28,296,283
EQ-1003,2025-05-15,480,465,1.07,386,377
EQ-1003,2025-05-16,480,431,0.94,310,301
EQ-1003,2025-05-17,480,451,0.92,356,356
EQ-1003,2025-05-18,480,436,1.38,330,320
EQ-1003,2025-05-19,480,446,1.35,396,387
EQ-1003,2025-05-20,480,444,1.1,318,306
EQ-1003,2025-05-21,480,476,1.14,398,389
EQ-1003,2025-05-22,480,442,1.29,339,336
EQ-1003,2025-05-23,480,424,1.43,378,371
EQ-1003,2025-05-24,480,435,0.8,290,285
EQ-1003,2025-05-25,480,461,1.23,306,292
EQ-1003,2025-05-26,480,451,1.26,285,281
EQ-1003,2025-05-27,480,459,1.0,355,342
EQ-1003,2025-05-28,480,471,0.98,263,256
EQ-1003,2025-05-29,480,468,0.99,355,347
EQ-1003,2025-05-30,480,445,0.99,322,310
EQ-1003,2025-05-31,480,423,0.82,333,332
EQ-1003,2025-06-01,480,431,1.19,270,267
EQ-1003,2025-06-02,480,466,1.09,256,251
EQ-1003,2025-06-03,480,466,0.82,397,390
EQ-1003,2025-06-04,480,455,1.42,398,389
EQ-1003,2025-06-05,480,424,1.09,377,364
EQ-1003,2025-06-06,480,476,1.15,270,269
EQ-1003,2025-06-07,480,430,1.26,298,296
EQ-1003,2025-06-08,480,424,1.48,377,366
EQ-1003,2025-06-09,480,439,0.93,366,363
EQ-1003,2025-06-10,480,448,0.86,335,329
EQ-1003,2025-06-11,480,447,1.17,310,298
EQ-1003,2025-06-12,480,442,1.08,292,284
EQ-1003,2025-06-13,480,475,1.3,266,265
EQ-1003,2025-06-14,480,471,0.96,347,347
EQ-1003,2025-06-15,480,433,0.92,251,246
EQ-1003,2025-06-16,480,465,0.95,323,322
EQ-1003,2025-06-17,480,459,1.09,374,368
EQ-1003,2025-06-18,480,422,1.0,287,276
EQ-1003,2025-06-19,480,449,1.12,312,312
EQ-1003,2025-06-20,480,477,0.98,269,260
EQ-1003,2025-06-21,480,441,1.33,392,385
EQ-1003,2025-06-22,480,467,1.41,365,354
EQ-1003,2025-06-23,480,455,0.97,307,296
EQ-1003,2025-06-24,480,425,1.19,315,307
EQ-1003,2025-06-25,480,439,1.12,293,293
EQ-1003,2025-06-26,480,429,1.15,255,249
EQ-1003,2025-06-27,480,438,1.12,372,371
EQ-1003,2025-06-28,480,425,1.34,300,290
EQ-1003,2025-06-29,480,421,0.93,257,250
EQ-1004,2025-01-01,480,426,1.35,334,327
EQ-1004,2025-01-02,480,441,1.25,392,379
EQ-1004,2025-01-03,480,475,1.16,309,306
EQ-1004,2025-01-04,480,436,1.36,256,254
EQ-1004,2025-01-05,480,441,1.43,363,353
EQ-1004,2025-01-06,480,473,1.15,378,372
EQ-1004,2025-01-07,480,444,1.43,373,363
EQ-1004,2025-01-08,480,462,1.11,359,354
EQ-1004,2025-01-09,480,435,1.42,261,251
EQ-1004,2025-01-10,480,436,1.02,378,364
EQ-1004,2025-01-11,480,468,1.49,270,257
EQ-1004,2025-01-12,480,450,1.03,351,342
EQ-1004,2025-01-13,480,476,1.26,377,367
EQ-1004,2025-01-14,480,456,1.19,346,343
EQ-1004,2025-01-15,480,476,1.38,375,362
EQ-1004,2025-01-16,480,443,1.48,258,255
EQ-1004,2025-01-17,480,424,1.18,309,298
EQ-1004,2025-01-18,480,472,1.13,357,346
EQ-1004,2025-01-19,480,453,1.05,380,369
EQ-1004,2025-01-20,480,425,1.17,270,259
EQ-1004,2025-01-21,480,430,0.86,283,275
EQ-1004,2025-01-22,480,424,1.12,307,297
EQ-1004,2025-01-23,480,464,1.1,377,372
EQ-1004,2025-01-24,480,466,1.39,388,375
EQ-1004,2025-01-25,480,465,0.98,282,279
EQ-1004,2025-01-26,480,475,0.87,296,290
EQ-1004,2025-01-27,480,473,1.4,373,373
EQ-1004,2025-01-28,480,478,0.85,377,363
EQ-1004,2025-01-29,480,466,1.29,296,291
EQ-1004,2025-01-30,480,428,0.95,306,302
EQ-1004,2025-01-31,480,469,1.26,391,388
EQ-1004,2025-02-01,480,421,0.96,386,384
EQ-1004,2025-02-02,480,475,1.27,364,364
EQ-1004,2025-02-03,480,425,1.27,340,339
EQ-1004,2025-02-04,480,428,1.07,391,388
EQ-1004,2025-02-05,480,451,1.18,284,282
EQ-1004,2025-02-06,480,456,1.36,333,333
EQ-1004,2025-02-07,480,443,1.1,263,254
EQ-1004,2025-02-08,480,430,1.0,332,319
EQ-1004,2025-02-09,480,453,1.38,268,260
EQ-1004,2025-02-10,480,472,0.81,320,307
EQ-1004,2025-02-11,480,421,1.01,368,360
EQ-1004,2025-02-12,480,443,1.24,391,384
EQ-1004,2025-02-13,480,448,0.88,279,271
EQ-1004,2025-02-14,480,470,1.13,338,325
EQ-1004,2025-02-15,480,440,0.85,327,314
EQ-1004,2025-02-16,480,473,0.83,317,306
EQ-1004,2025-02-17,480,459,1.41,374,361
EQ-1004,2025-02-18,480,426,1.42,376,362
EQ-1004,2025-02-19,480,433,1.17,311,311
EQ-1004,2025-02-20,480,435,0.82,284,274
EQ-1004,2025-02-21,480,433,1.4,398,394
EQ-1004,2025-02-22,480,446,1.38,386,383
EQ-1004,2025-02-23,480,436,1.38,314,307
EQ-1004,2025-02-24,480,469,1.29,325,320
EQ-1004,2025-02-25,480,462,1.13,264,256
EQ-1004,2025-02-26,480,441,1.42,342,337
EQ-1004,2025-02-27,480,424,1.46,287,284
EQ-1004,2025-02-28,480,474,1.29,381,375
EQ-1004,2025-03-01,480,469,0.89,253,248
EQ-1004,2025-03-02,480,479,1.14,335,324
EQ-1004,2025-03-03,480,440,0.99,340,334
EQ-1004,2025-03-04,480,475,1.15,336,331
EQ-1004,2025-03-05,480,469,1.42,394,382
EQ-1004,2025-03-06,480,462,1.22,276,269
EQ-1004,2025-03-07,480,432,0.99,342,330
EQ-1004,2025-03-08,480,433,1.24,391,389
EQ-1004,2025-03-09,480,468,1.0,305,305
EQ-1004,2025-03-10,480,432,1.18,298,285
EQ-1004,2025-03-11,480,421,0.95,292,289
EQ-1004,2025-03-12,480,428,1.0,288,284
EQ-1004,2025-03-13,480,438,1.2,311,302
EQ-1004,2025-03-14,480,444,0.83,258,251
EQ-1004,2025-03-15,480,460,1.0,266,259
EQ-1004,2025-03-16,480,468,1.04,290,284
EQ-1004,2025-03-17,480,468,1.27,396,386
EQ-1004,2025-03-18,480,441,1.45,294,294
EQ-1004,2025-03-19,480,473,1.1,325,318
EQ-1004,2025-03-20,480,433,1.27,358,347
EQ-1004,2025-03-21,480,453,1.01,339,333
EQ-1004,2025-03-22,480,454,1.37,257,249
EQ-1004,2025-03-23,480,463,0.8,333,332
EQ-1004,2025-03-24,480,463,0.88,376,373
EQ-1004,2025-03-25,480,448,0.86,333,333
EQ-1004,2025-03-26,480,442,1.08,392,384
EQ-1004,2025-03-27,480,471,1.09,278,270
EQ-1004,2025-03-28,480,471,1.05,324,312
EQ-1004,2025-03-29,480,472,1.15,300,295
EQ-1004,2025-03-30,480,461,1.23,277,275
EQ-1004,2025-03-31,480,452,1.25,366,365
EQ-1004,2025-04-01,480,441,0.85,393,380
EQ-1004,2025-04-02,480,438,1.37,261,259
EQ-1004,2025-04-03,480,455,1.14,294,280
EQ-1004,2025-04-04,480,450,1.44,311,311
EQ-1004,2025-04-05,480,460,1.13,287,276
EQ-1004,2025-04-06,480,446,1.28,395,392
EQ-1004,2025-04-07,480,443,0.85,322,318
EQ-1004,2025-04-08,480,449,1.35,357,356
EQ-1004,2025-04-09,480,458,1.38,328,320
EQ-1004,2025-04-10,480,422,1.02,297,288
EQ-1004,2025-04-11,480,448,1.22,349,338
EQ-1004,2025-04-12,480,453,1.17,283,276
EQ-1004,2025-04-13,480,480,1.1,305,305
EQ-1004,2025-04-14,480,471,1.46,268,256
EQ-1004,2025-04-15,480,432,1.25,375,365
EQ-1004,2025-04-16,480,473,0.87,313,309
EQ-1004,2025-04-17,480,469,1.06,365,358
EQ-1004,2025-04-18,480,432,1.19,280,277
EQ-1004,2025-04-19,480,425,0.9,318,305
EQ-1004,2025-04-20,480,436,1.48,316,306
EQ-1004,2025-04-21,480,439,1.07,356,346
EQ-1004,2025-04-22,480,466,1.08,255,245
EQ-1004,2025-04-23,480,444,1.14,371,359
EQ-1004,2025-04-24,480,458,1.47,350,348
EQ-1004,2025-04-25,480,472,1.11,267,256
EQ-1004,2025-04-26,480,434,1.49,326,316
EQ-1004,2025-04-27,480,449,0.91,394,382
EQ-1004,2025-04-28,480,444,1.04,317,313
EQ-1004,2025-04-29,480,436,1.13,390,389
EQ-1004,2025-04-30,480,430,1.33,372,366
EQ-1004,2025-05-01,480,430,1.05,347,335
EQ-1004,2025-05-02,480,437,0.92,334,321
EQ-1004,2025-05-03,480,477,0.96,388,382
EQ-1004,2025-05-04,480,457,1.04,341,327
EQ-1004,2025-05-05,480,447,1.5,390,376
EQ-1004,2025-05-06,480,421,1.14,266,264
EQ-1004,2025-05-07,480,442,1.01,268,264
EQ-1004,2025-05-08,480,464,1.08,277,273
EQ-1004,2025-05-09,480,454,1.3,367,365
EQ-1004,2025-05-10,480,436,1.44,260,255
EQ-1004,2025-05-11,480,470,1.12,398,393
EQ-1004,2025-05-12,480,425,1.18,254,254
EQ-1004,2025-05-13,480,469,0.99,295,286
EQ-1004,2025-05-14,480,455,1.48,364,362
EQ-1004,2025-05-15,480,426,1.49,301,296
EQ-1004,2025-05-16,480,448,1.06,351,341
EQ-1004,2025-05-17,480,470,1.19,392,382
EQ-1004,2025-05-18,480,430,1.44,331,320
EQ-1004,2025-05-19,480,436,1.22,253,247
EQ-1004,2025-05-20,480,429,1.13,322,315
EQ-1004,2025-05-21,480,448,0.8,330,330
EQ-1004,2025-05-22,480,443,1.43,396,382
EQ-1004,2025-05-23,480,434,0.98,318,306
EQ-1004,2025-05-24,480,465,1.24,280,274
EQ-1004,2025-05-25,480,459,1.33,271,259
EQ-1004,2025-05-26,480,439,1.31,303,294
EQ-1004,2025-05-27,480,479,1.24,270,259
EQ-1004,2025-05-28,480,451,1.03,284,277
EQ-1004,2025-05-29,480,462,1.47,296,294
EQ-1004,2025-05-30,480,441,0.94,275,275
EQ-1004,2025-05-31,480,480,1.01,384,382
EQ-1004,2025-06-01,480,466,1.04,286,286
EQ-1004,2025-06-02,480,421,0.9,385,381
EQ-1004,2025-06-03,480,445,1.26,376,376
EQ-1004,2025-06-04,480,472,1.29,353,347
EQ-1004,2025-06-05,480,451,1.31,377,374
EQ-1004,2025-06-06,480,473,0.82,324,322
EQ-1004,2025-06-07,480,462,0.88,283,271
EQ-1004,2025-06-08,480,441,1.17,265,264
EQ-1004,2025-06-09,480,421,0.88,373,368
EQ-1004,2025-06-10,480,434,0.9,262,255
EQ-1004,2025-06-11,480,478,0.95,283,277
EQ-1004,2025-06-12,480,426,1.36,369,356
EQ-1004,2025-06-13,480,480,1.43,302,296
EQ-1004,2025-06-14,480,462,1.18,262,258
EQ-1004,2025-06-15,480,459,1.05,306,298
EQ-1004,2025-06-16,480,471,0.93,272,259
EQ-1004,2025-06-17,480,461,1.21,303,300
EQ-1004,2025-06-18,480,453,1.28,263,262
EQ-1004,2025-06-19,480,466,0.96,302,295
EQ-1004,2025-06-20,480,422,1.19,253,241
EQ-1004,2025-06-21,480,450,1.34,261,255
EQ-1004,2025-06-22,480,447,1.0,331,324
EQ-1004,2025-06-23,480,432,1.31,354,343
EQ-1004,2025-06-24,480,463,1.02,342,333
EQ-1004,2025-06-25,480,458,0.99,287,287
EQ-1004,2025-06-26,480,475,1.21,257,249
EQ-1004,2025-06-27,480,453,0.97,370,358
EQ-1004,2025-06-28,480,462,0.87,314,304
EQ-1004,2025-06-29,480,466,1.2,349,348
EQ-1005,2025-01-01,480,475,1.46,332,332
EQ-1005,2025-01-02,480,458,1.06,394,385
EQ-1005,2025-01-03,480,456,1.15,309,299
EQ-1005,2025-01-04,480,458,1.29,387,373
EQ-1005,2025-01-05,480,448,0.98,262,258
EQ-1005,2025-01-06,480,477,0.99,260,260
EQ-1005,2025-01-07,480,460,1.29,343,335
EQ-1005,2025-01-08,480,439,1.13,389,385
EQ-1005,2025-01-09,480,453,0.87,297,291
EQ-1005,2025-01-10,480,433,1.41,348,334
EQ-1005,2025-01-11,480,474,0.95,354,343
EQ-1005,2025-01-12,480,450,1.34,390,387
EQ-1005,2025-01-13,480,443,1.3,386,378
EQ-1005,2025-01-14,480,458,1.13,349,337
EQ-1005,2025-01-15,480,473,1.23,386,379
EQ-1005,2025-01-16,480,453,1.26,267,265
EQ-1005,2025-01-17,480,441,1.48,398,387
EQ-1005,2025-01-18,480,460,1.13,314,311
EQ-1005,2025-01-19,480,432,1.0,262,254
EQ-1005,2025-01-20,480,437,0.88,387,383
EQ-1005,2025-01-21,480,468,0.87,323,310
EQ-1005,2025-01-22,480,459,1.07,273,272
EQ-1005,2025-01-23,480,446,1.3,391,382
EQ-1005,2025-01-24,480,464,1.15,360,355
EQ-1005,2025-01-25,480,452,1.43,365,358
EQ-1005,2025-01-26,480,455,1.12,371,360
EQ-1005,2025-01-27,480,453,1.27,333,327
EQ-1005,2025-01-28,480,423,0.99,353,342
EQ-1005,2025-01-29,480,449,1.4,383,377
EQ-1005,2025-01-30,480,423,1.03,282,276
EQ-1005,2025-01-31,480,469,0.96,306,293
EQ-1005,2025-02-01,480,445,0.8,292,288
EQ-1005,2025-02-02,480,472,1.18,360,358
EQ-1005,2025-02-03,480,458,1.18,257,257
EQ-1005,2025-02-04,480,422,1.35,294,289
EQ-1005,2025-02-05,480,453,1.01,347,346
EQ-1005,2025-02-06,480,437,1.13,373,367
EQ-1005,2025-02-07,480,472,0.84,339,332
EQ-1005,2025-02-08,480,431,0.97,305,302
EQ-1005,2025-02-09,480,459,1.25,281,270
EQ-1005,2025-02-10,480,437,1.06,308,299
EQ-1005,2025-02-11,480,471,1.23,275,267
EQ-1005,2025-02-12,480,468,1.02,332,322
EQ-1005,2025-02-13,480,434,1.37,353,350
EQ-1005,2025-02-14,480,434,0.91,314,314
EQ-1005,2025-02-15,480,450,1.44,306,292
EQ-1005,2025-02-16,480,431,1.3,275,275
EQ-1005,2025-02-17,480,470,0.81,301,293
EQ-1005,2025-02-18,480,423,0.83,264,252
EQ-1005,2025-02-19,480,459,1.28,383,378
EQ-1005,2025-02-20,480,435,1.33,327,318
EQ-1005,2025-02-21,480,475,1.1,252,239
EQ-1005,2025-02-22,480,464,1.11,357,357
EQ-1005,2025-02-23,480,470,1.49,326,325
EQ-1005,2025-02-24,480,465,1.07,319,311
EQ-1005,2025-02-25,480,422,1.25,297,290
EQ-1005,2025-02-26,480,444,1.49,325,315
EQ-1005,2025-02-27,480,426,1.11,268,262
EQ-1005,2025-02-28,480,437,0.95,383,380
EQ-1005,2025-03-01,480,447,1.35,308,296
EQ-1005,2025-03-02,480,465,1.29,292,288
EQ-1005,2025-03-03,480,439,1.48,257,245
EQ-1005,2025-03-04,480,434,1.13,345,342
EQ-1005,2025-03-05,480,422,0.96,288,288
EQ-1005,2025-03-06,480,459,1.47,335,323
EQ-1005,2025-03-07,480,444,1.22,323,320
EQ-1005,2025-03-08,480,426,1.06,353,352
EQ-1005,2025-03-09,480,444,1.31,340,335
EQ-1005,2025-03-10,480,437,0.97,342,340
EQ-1005,2025-03-11,480,472,1.26,259,256
EQ-1005,2025-03-12,480,480,0.91,283,281
EQ-1005,2025-03-13,480,432,0.83,342,336
EQ-1005,2025-03-14,480,451,1.24,397,393
EQ-1005,2025-03-15,480,454,1.44,362,356
EQ-1005,2025-03-16,480,436,0.99,266,265
EQ-1005,2025-03-17,480,477,0.98,340,339
EQ-1005,2025-03-18,480,455,1.39,250,241
EQ-1005,2025-03-19,480,471,1.44,365,359
EQ-1005,2025-03-20,480,476,1.39,290,282
EQ-1005,2025-03-21,480,447,0.83,394,389
EQ-1005,2025-03-22,480,470,1.28,317,313
EQ-1005,2025-03-23,480,469,1.19,398,396
EQ-1005,2025-03-24,480,421,1.33,396,384
EQ-1005,2025-03-25,480,441,1.1,320,311
EQ-1005,2025-03-26,480,439,1.08,381,375
EQ-1005,2025-03-27,480,452,1.42,365,353
EQ-1005,2025-03-28,480,433,0.98,361,359
EQ-1005,2025-03-29,480,466,1.4,317,308
EQ-1005,2025-03-30,480,434,1.42,378,376
EQ-1005,2025-03-31,480,445,1.37,289,275
EQ-1005,2025-04-01,480,439,1.29,273,266
EQ-1005,2025-04-02,480,432,1.38,283,275
EQ-1005,2025-04-03,480,436,1.18,365,359
EQ-1005,2025-04-04,480,424,0.83,311,303
EQ-1005,2025-04-05,480,444,1.21,303,298
EQ-1005,2025-04-06,480,443,1.31,384,378
EQ-1005,2025-04-07,480,459,0.81,252,250
EQ-1005,2025-04-08,480,430,1.31,325,320
EQ-1005,2025-04-09,480,423,1.26,390,384
EQ-1005,2025-04-10,480,433,1.01,350,342
EQ-1005,2025-04-11,480,434,1.37,375,365
EQ-1005,2025-04-12,480,459,1.36,288,281
EQ-1005,2025-04-13,480,432,1.08,398,391
EQ-1005,2025-04-14,480,471,1.07,280,271
EQ-1005,2025-04-15,480,470,0.81,258,258
EQ-1005,2025-04-16,480,433,1.24,266,263
EQ-1005,2025-04-17,480,444,1.01,372,368
EQ-1005,2025-04-18,480,456,0.87,314,300
EQ-1005,2025-04-19,480,457,0.92,330,322
EQ-1005,2025-04-20,480,422,0.91,264,258
EQ-1005,2025-04-21,480,424,1.36,371,365
EQ-1005,2025-04-22,480,475,0.99,322,310
EQ-1005,2025-04-23,480,478,1.03,301,297
EQ-1005,2025-04-24,480,433,0.88,298,287
EQ-1005,2025-04-25,480,478,1.19,314,314
EQ-1005,2025-04-26,480,463,1.14,349,346
EQ-1005,2025-04-27,480,446,0.81,292,289
EQ-1005,2025-04-28,480,467,0.81,307,307
EQ-1005,2025-04-29,480,422,1.39,381,374
EQ-1005,2025-04-30,480,448,1.15,383,375
EQ-1005,2025-05-01,480,480,1.48,332,328
EQ-1005,2025-05-02,480,441,1.02,329,324
EQ-1005,2025-05-03,480,446,0.93,313,300
EQ-1005,2025-05-04,480,438,1.47,329,319
EQ-1005,2025-05-05,480,477,1.41,397,383
EQ-1005,2025-05-06,480,459,1.24,251,244
EQ-1005,2025-05-07,480,467,1.27,321,315
EQ-1005,2025-05-08,480,462,1.24,363,357
EQ-1005,2025-05-09,480,448,1.24,321,310
EQ-1005,2025-05-10,480,470,1.18,375,371
EQ-1005,2025-05-11,480,475,0.93,389,389
EQ-1005,2025-05-12,480,467,1.03,306,295
EQ-1005,2025-05-13,480,448,1.22,369,359
EQ-1005,2025-05-14,480,462,1.0,361,353
EQ-1005,2025-05-15,480,451,1.27,372,371
EQ-1005,2025-05-16,480,461,1.06,282,270
EQ-1005,2025-05-17,480,467,1.27,328,322
EQ-1005,2025-05-18,480,452,1.35,377,372
EQ-1005,2025-05-19,480,463,0.87,278,271
EQ-1005,2025-05-20,480,473,1.46,354,346
EQ-1005,2025-05-21,480,475,0.85,266,265
EQ-1005,2025-05-22,480,476,1.18,311,303
EQ-1005,2025-05-23,480,478,0.93,320,310
EQ-1005,2025-05-24,480,465,0.94,338,336
EQ-1005,2025-05-25,480,443,1.24,273,264
EQ-1005,2025-05-26,480,452,1.48,288,278
EQ-1005,2025-05-27,480,440,1.45,269,259
EQ-1005,2025-05-28,480,461,0.86,357,355
EQ-1005,2025-05-29,480,428,0.86,315,302
EQ-1005,2025-05-30,480,466,0.81,316,311
EQ-1005,2025-05-31,480,449,1.19,322,322
EQ-1005,2025-06-01,480,421,1.23,349,339
EQ-1005,2025-06-02,480,455,0.8,314,312
EQ-1005,2025-06-03,480,422,1.11,302,288
EQ-1005,2025-06-04,480,422,1.32,297,293
EQ-1005,2025-06-05,480,451,1.34,349,348
EQ-1005,2025-06-06,480,432,1.28,277,277
EQ-1005,2025-06-07,480,472,1.07,256,256
EQ-1005,2025-06-08,480,445,1.12,378,369
EQ-1005,2025-06-09,480,449,1.31,295,286
EQ-1005,2025-06-10,480,431,1.27,394,385
EQ-1005,2025-06-11,480,456,1.32,334,320
EQ-1005,2025-06-12,480,452,1.1,264,261
EQ-1005,2025-06-13,480,453,1.16,396,389
EQ-1005,2025-06-14,480,439,1.23,370,362
EQ-1005,2025-06-15,480,428,1.29,288,288
EQ-1005,2025-06-16,480,448,1.41,296,282
EQ-1005,2025-06-17,480,433,0.95,318,308
EQ-1005,2025-06-18,480,478,1.44,310,309
EQ-1005,2025-06-19,480,451,0.95,324,323
EQ-1005,2025-06-20,480,443,1.47,387,386
EQ-1005,2025-06-21,480,425,1.07,312,300
EQ-1005,2025-06-22,480,426,0.94,351,351
EQ-1005,2025-06-23,480,435,1.32,257,255
EQ-1005,2025-06-24,480,475,1.06,322,310
EQ-1005,2025-06-25,480,421,1.36,288,288
EQ-1005,2025-06-26,480,463,1.06,286,278
EQ-1005,2025-06-27,480,423,1.35,334,333
EQ-1005,2025-06-28,480,438,0.97,363,352
EQ-1005,2025-06-29,480,447,1.46,341,340
EQ-1006,2025-01-01,480,424,1.15,388,379
EQ-1006,2025-01-02,480,438,0.94,384,372
EQ-1006,2025-01-03,480,466,1.14,317,306
EQ-1006,2025-01-04,480,443,1.0,252,239
EQ-1006,2025-01-05,480,443,1.26,378,373
EQ-1006,2025-01-06,480,471,0.88,382,382
EQ-1006,2025-01-07,480,461,1.46,358,344
EQ-1006,2025-01-08,480,477,1.11,318,318
EQ-1006,2025-01-09,480,439,1.45,276,269
EQ-1006,2025-01-10,480,423,1.17,270,258
EQ-1006,2025-01-11,480,449,1.38,304,291
EQ-1006,2025-01-12,480,435,1.37,382,379
EQ-1006,2025-01-13,480,442,1.05,355,346
EQ-1006,2025-01-14,480,472,0.96,362,358
EQ-1006,2025-01-15,480,442,0.85,358,356
EQ-1006,2025-01-16,480,439,0.94,367,363
EQ-1006,2025-01-17,480,465,1.42,325,319
EQ-1006,2025-01-18,480,459,1.32,306,292
EQ-1006,2025-01-19,480,449,1.01,336,324
EQ-1006,2025-01-20,480,436,1.29,361,355
EQ-1006,2025-01-21,480,479,0.92,353,349
EQ-1006,2025-01-22,480,451,1.17,357,356
EQ-1006,2025-01-23,480,464,0.91,282,269
EQ-1006,2025-01-24,480,434,1.09,371,362
EQ-1006,2025-01-25,480,467,0.87,277,267
EQ-1006,2025-01-26,480,462,0.92,296,291
EQ-1006,2025-01-27,480,457,1.03,375,364
EQ-1006,2025-01-28,480,448,1.23,386,372
EQ-1006,2025-01-29,480,471,1.1,268,266
EQ-1006,2025-01-30,480,468,1.09,347,345
EQ-1006,2025-01-31,480,468,1.41,342,328
EQ-1006,2025-02-01,480,452,1.29,313,301
EQ-1006,2025-02-02,480,464,1.11,337,328
EQ-1006,2025-02-03,480,432,0.94,318,309
EQ-1006,2025-02-04,480,442,1.28,307,307
EQ-1006,2025-02-05,480,438,1.09,311,311
EQ-1006,2025-02-06,480,452,0.85,380,366
EQ-1006,2025-02-07,480,465,1.24,275,264
EQ-1006,2025-02-08,480,425,0.81,322,315
EQ-1006,2025-02-09,480,430,1.39,335,327
EQ-1006,2025-02-10,480,474,0.89,367,359
EQ-1006,2025-02-11,480,479,1.12,332,330
EQ-1006,2025-02-12,480,470,1.08,264,262
EQ-1006,2025-02-13,480,441,0.85,279,271
EQ-1006,2025-02-14,480,449,0.81,377,376
EQ-1006,2025-02-15,480,434,0.83,255,244
EQ-1006,2025-02-16,480,453,1.18,285,271
EQ-1006,2025-02-17,480,463,1.18,298,286
EQ-1006,2025-02-18,480,466,1.06,294,289
EQ-1006,2025-02-19,480,452,0.96,372,363
EQ-1006,2025-02-20,480,467,1.11,252,247
EQ-1006,2025-02-21,480,477,1.06,308,302
EQ-1006,2025-02-22,480,423,1.12,365,355
EQ-1006,2025-02-23,480,451,1.04,345,335
EQ-1006,2025-02-24,480,472,0.95,311,311
EQ-1006,2025-02-25,480,425,0.8,373,372
EQ-1006,2025-02-26,480,423,1.18,385,377
EQ-1006,2025-02-27,480,442,1.18,361,349
EQ-1006,2025-02-28,480,462,1.27,348,344
EQ-1006,2025-03-01,480,474,1.23,278,268
EQ-1006,2025-03-02,480,475,1.26,376,365
EQ-1006,2025-03-03,480,450,1.32,394,388
EQ-1006,2025-03-04,480,445,1.22,313,304
EQ-1006,2025-03-05,480,469,1.4,311,302
EQ-1006,2025-03-06,480,427,1.13,262,252
EQ-1006,2025-03-07,480,424,1.07,353,343
EQ-1006,2025-03-08,480,451,0.97,379,366
EQ-1006,2025-03-09,480,466,1.44,293,283
EQ-1006,2025-03-10,480,469,1.19,251,250
EQ-1006,2025-03-11,480,449,1.11,272,271
EQ-1006,2025-03-12,480,424,1.1,311,306
EQ-1006,2025-03-13,480,451,0.98,310,310
EQ-1006,2025-03-14,480,435,0.99,398,389
EQ-1006,2025-03-15,480,459,0.95,349,343
EQ-1006,2025-03-16,480,426,0.84,381,375
EQ-1006,2025-03-17,480,444,0.93,333,324
EQ-1006,2025-03-18,480,480,1.32,277,270
EQ-1006,2025-03-19,480,460,1.12,271,266
EQ-1006,2025-03-20,480,421,1.42,328,324
EQ-1006,2025-03-21,480,425,0.83,383,375
EQ-1006,2025-03-22,480,443,0.94,353,341
EQ-1006,2025-03-23,480,448,0.87,257,247
EQ-1006,2025-03-24,480,461,1.2,287,277
EQ-1006,2025-03-25,480,449,1.43,280,270
EQ-1006,2025-03-26,480,446,1.27,358,348
EQ-1006,2025-03-27,480,468,1.2,393,381
EQ-1006,2025-03-28,480,427,0.89,398,396
EQ-1006,2025-03-29,480,446,1.2,297,293
EQ-1006,2025-03-30,480,449,0.81,363,363
EQ-1006,2025-03-31,480,465,1.02,348,346
EQ-1006,2025-04-01,480,462,1.09,374,365
EQ-1006,2025-04-02,480,462,1.21,310,298
EQ-1006,2025-04-03,480,438,1.11,323,311
EQ-1006,2025-04-04,480,458,1.21,297,295
EQ-1006,2025-04-05,480,426,1.45,359,358
EQ-1006,2025-04-06,480,430,1.23,308,304
EQ-1006,2025-04-07,480,427,1.11,299,296
EQ-1006,2025-04-08,480,449,1.36,263,253
EQ-1006,2025-04-09,480,426,1.12,395,385
EQ-1006,2025-04-10,480,470,1.4,369,363
EQ-1006,2025-04-11,480,440,0.92,382,376
EQ-1006,2025-04-12,480,427,1.25,338,330
EQ-1006,2025-04-13,480,474,0.99,332,332
EQ-1006,2025-04-14,480,469,1.22,392,385
EQ-1006,2025-04-15,480,467,0.83,342,329
EQ-1006,2025-04-16,480,426,0.84,361,361
EQ-1006,2025-04-17,480,427,0.92,261,254
EQ-1006,2025-04-18,480,425,1.28,380,369
EQ-1006,2025-04-19,480,479,1.47,262,250
EQ-1006,2025-04-20,480,427,1.2,315,312
EQ-1006,2025-04-21,480,438,1.21,357,350
EQ-1006,2025-04-22,480,441,0.84,257,245
EQ-1006,2025-04-23,480,429,0.96,377,374
EQ-1006,2025-04-24,480,474,0.97,311,301
EQ-1006,2025-04-25,480,472,1.15,337,323
EQ-1006,2025-04-26,480,464,1.5,286,277
EQ-1006,2025-04-27,480,473,1.24,368,360
EQ-1006,2025-04-28,480,435,1.46,366,353
EQ-1006,2025-04-29,480,469,1.03,302,296
EQ-1006,2025-04-30,480,451,1.37,313,304
EQ-1006,2025-05-01,480,431,1.01,260,259
EQ-1006,2025-05-02,480,422,1.09,307,306
EQ-1006,2025-05-03,480,471,1.13,351,344
EQ-1006,2025-05-04,480,461,0.85,264,260
EQ-1006,2025-05-05,480,441,1.48,375,367
EQ-1006,2025-05-06,480,441,0.88,305,299
EQ-1006,2025-05-07,480,451,0.95,385,373
EQ-1006,2025-05-08,480,453,0.81,387,381
EQ-1006,2025-05-09,480,449,1.05,374,362
EQ-1006,2025-05-10,480,477,1.48,275,270
EQ-1006,2025-05-11,480,425,0.9,376,369
EQ-1006,2025-05-12,480,426,0.86,379,365
EQ-1006,2025-05-13,480,476,1.29,295,282
EQ-1006,2025-05-14,480,435,1.13,259,252
EQ-1006,2025-05-15,480,458,1.02,361,350
EQ-1006,2025-05-16,480,439,0.86,306,300
EQ-1006,2025-05-17,480,468,1.0,258,253
EQ-1006,2025-05-18,480,469,1.04,267,265
EQ-1006,2025-05-19,480,466,1.34,392,383
EQ-1006,2025-05-20,480,449,0.83,262,262
EQ-1006,2025-05-21,480,454,1.42,397,388
EQ-1006,2025-05-22,480,469,1.17,326,318
EQ-1006,2025-05-23,480,446,1.14,320,312
EQ-1006,2025-05-24,480,442,1.36,393,387
EQ-1006,2025-05-25,480,441,1.12,338,325
EQ-1006,2025-05-26,480,444,0.94,330,330
EQ-1006,2025-05-27,480,421,1.16,326,318
EQ-1006,2025-05-28,480,477,1.14,344,339
EQ-1006,2025-05-29,480,468,1.48,321,313
EQ-1006,2025-05-30,480,428,1.26,369,358
EQ-1006,2025-05-31,480,427,1.0,380,368
EQ-1006,2025-06-01,480,443,1.38,399,387
EQ-1006,2025-06-02,480,424,1.48,321,308
EQ-1006,2025-06-03,480,471,1.35,281,279
EQ-1006,2025-06-04,480,422,1.06,325,325
EQ-1006,2025-06-05,480,429,1.39,318,305
EQ-1006,2025-06-06,480,460,1.27,280,267
EQ-1006,2025-06-07,480,477,1.41,376,371
EQ-1006,2025-06-08,480,431,0.8,376,367
EQ-1006,2025-06-09,480,445,0.84,330,325
EQ-1006,2025-06-10,480,464,1.12,392,380
EQ-1006,2025-06-11,480,454,1.01,321,320
EQ-1006,2025-06-12,480,422,0.83,321,314
EQ-1006,2025-06-13,480,444,0.97,262,256
EQ-1006,2025-06-14,480,479,1.13,265,259
EQ-1006,2025-06-15,480,442,1.33,394,381
EQ-1006,2025-06-16,480,468,1.45,343,342
EQ-1006,2025-06-17,480,433,1.27,343,339
EQ-1006,2025-06-18,480,472,1.04,365,351
EQ-1006,2025-06-19,480,428,1.13,357,343
EQ-1006,2025-06-20,480,472,0.84,306,303
EQ-1006,2025-06-21,480,446,1.39,250,239
EQ-1006,2025-06-22,480,469,1.33,258,244
EQ-1006,2025-06-23,480,454,1.31,385,378
EQ-1006,2025-06-24,480,441,0.92,314,304
EQ-1006,2025-06-25,480,442,0.94,364,354
EQ-1006,2025-06-26,480,449,0.89,266,266
EQ-1006,2025-06-27,480,458,1.19,334,327
EQ-1006,2025-06-28,480,443,1.45,335,334
EQ-1006,2025-06-29,480,440,0.81,303,296
EQ-1007,2025-01-01,480,457,1.0,364,354
EQ-1007,2025-01-02,480,441,0.82,364,363
EQ-1007,2025-01-03,480,462,1.45,266,261
EQ-1007,2025-01-04,480,443,0.93,277,276
EQ-1007,2025-01-05,480,477,1.46,364,361
EQ-1007,2025-01-06,480,423,1.05,292,289
EQ-1007,2025-01-07,480,440,1.12,307,307
EQ-1007,2025-01-08,480,421,1.04,332,323
EQ-1007,2025-01-09,480,422,1.04,353,346
EQ-1007,2025-01-10,480,448,1.39,297,290
EQ-1007,2025-01-11,480,443,1.45,363,360
EQ-1007,2025-01-12,480,465,0.84,386,372
EQ-1007,2025-01-13,480,426,1.3,280,273
EQ-1007,2025-01-14,480,447,1.48,274,260
EQ-1007,2025-01-15,480,472,0.93,367,358
EQ-1007,2025-01-16,480,462,1.33,353,344
EQ-1007,2025-01-17,480,423,1.43,254,252
EQ-1007,2025-01-18,480,446,1.46,362,348
EQ-1007,2025-01-19,480,434,0.95,293,284
EQ-1007,2025-01-20,480,461,1.08,344,343
EQ-1007,2025-01-21,480,433,1.33,381,375
EQ-1007,2025-01-22,480,456,1.28,378,373
EQ-1007,2025-01-23,480,460,1.31,380,371
EQ-1007,2025-01-24,480,460,1.1,365,360
EQ-1007,2025-01-25,480,466,1.31,365,360
EQ-1007,2025-01-26,480,466,1.46,359,356
EQ-1007,2025-01-27,480,424,1.1,270,263
EQ-1007,2025-01-28,480,438,1.07,319,319
EQ-1007,2025-01-29,480,477,1.04,296,290
EQ-1007,2025-01-30,480,446,1.21,398,387
EQ-1007,2025-01-31,480,471,1.2,289,288
EQ-1007,2025-02-01,480,423,1.03,310,306
EQ-1007,2025-02-02,480,425,1.2,304,300
EQ-1007,2025-02-03,480,476,0.86,351,339
EQ-1007,2025-02-04,480,441,0.85,251,251
EQ-1007,2025-02-05,480,453,0.82,279,269
EQ-1007,2025-02-06,480,422,0.96,339,327
EQ-1007,2025-02-07,480,453,1.32,374,369
EQ-1007,2025-02-08,480,423,1.49,352,338
EQ-1007,2025-02-09,480,456,1.1,280,277
EQ-1007,2025-02-10,480,444,1.28,271,264
EQ-1007,2025-02-11,480,439,1.23,314,306
EQ-1007,2025-02-12,480,464,1.05,398,384
EQ-1007,2025-02-13,480,465,0.85,348,336
EQ-1007,2025-02-14,480,427,1.05,266,266
EQ-1007,2025-02-15,480,464,0.95,394,389
EQ-1007,2025-02-16,480,435,1.05,255,253
EQ-1007,2025-02-17,480,466,0.93,321,309
EQ-1007,2025-02-18,480,432,1.38,276,264
EQ-1007,2025-02-19,480,476,0.99,309,304
EQ-1007,2025-02-20,480,456,1.45,298,292
EQ-1007,2025-02-21,480,455,1.22,296,292
EQ-1007,2025-02-22,480,463,1.09,308,307
EQ-1007,2025-02-23,480,468,1.03,263,250
EQ-1007,2025-02-24,480,466,0.96,293,287
EQ-1007,2025-02-25,480,462,1.23,330,328
EQ-1007,2025-02-26,480,441,0.96,371,360
EQ-1007,2025-02-27,480,474,1.02,374,374
EQ-1007,2025-02-28,480,449,0.98,314,312
EQ-1007,2025-03-01,480,444,1.33,307,294
EQ-1007,2025-03-02,480,422,0.85,317,310
EQ-1007,2025-03-03,480,477,0.82,393,380
EQ-1007,2025-03-04,480,479,1.09,277,265
EQ-1007,2025-03-05,480,466,1.19,385,378
EQ-1007,2025-03-06,480,473,1.31,294,293
EQ-1007,2025-03-07,480,442,0.84,357,355
EQ-1007,2025-03-08,480,451,1.24,306,304
EQ-1007,2025-03-09,480,476,1.33,395,394
EQ-1007,2025-03-10,480,438,1.35,309,308
EQ-1007,2025-03-11,480,425,1.43,343,338
EQ-1007,2025-03-12,480,452,1.39,357,354
EQ-1007,2025-03-13,480,463,1.44,281,272
EQ-1007,2025-03-14,480,444,0.97,371,363
EQ-1007,2025-03-15,480,422,1.43,255,248
EQ-1007,2025-03-16,480,438,1.19,355,345
EQ-1007,2025-03-17,480,477,1.48,381,367
EQ-1007,2025-03-18,480,425,0.96,382,377
EQ-1007,2025-03-19,480,461,1.36,271,271
EQ-1007,2025-03-20,480,422,1.07,260,248
EQ-1007,2025-03-21,480,469,1.35,386,375
EQ-1007,2025-03-22,480,422,1.26,267,267
EQ-1007,2025-03-23,480,462,1.46,272,263
EQ-1007,2025-03-24,480,429,1.42,318,304
EQ-1007,2025-03-25,480,453,1.18,279,271
EQ-1007,2025-03-26,480,456,0.89,361,347
EQ-1007,2025-03-27,480,426,1.36,307,294
EQ-1007,2025-03-28,480,446,1.36,274,261
EQ-1007,2025-03-29,480,470,1.22,259,257
EQ-1007,2025-03-30,480,436,0.82,398,393
EQ-1007,2025-03-31,480,469,1.01,375,374
EQ-1007,2025-04-01,480,470,0.83,303,293
EQ-1007,2025-04-02,480,428,1.09,267,265
EQ-1007,2025-04-03,480,424,1.31,393,388
EQ-1007,2025-04-04,480,469,1.35,297,288
EQ-1007,2025-04-05,480,427,1.05,381,375
EQ-1007,2025-04-06,480,454,1.18,308,298
EQ-1007,2025-04-07,480,434,1.2,321,315
EQ-1007,2025-04-08,480,421,1.16,312,305
EQ-1007,2025-04-09,480,464,1.1,292,292
EQ-1007,2025-04-10,480,455,0.96,257,253
EQ-1007,2025-04-11,480,452,0.87,277,272
EQ-1007,2025-04-12,480,458,1.24,350,337
EQ-1007,2025-04-13,480,429,0.95,320,308
EQ-1007,2025-04-14,480,478,1.14,286,274
EQ-1007,2025-04-15,480,439,1.14,268,256
EQ-1007,2025-04-16,480,429,0.95,276,270
EQ-1007,2025-04-17,480,445,1.18,274,269
EQ-1007,2025-04-18,480,476,1.09,265,264
EQ-1007,2025-04-19,480,462,1.38,279,267
EQ-1007,2025-04-20,480,427,1.29,390,380
EQ-1007,2025-04-21,480,429,0.98,271,268
EQ-1007,2025-04-22,480,430,1.02,322,316
EQ-1007,2025-04-23,480,434,1.09,319,316
EQ-1007,2025-04-24,480,449,1.35,397,389
EQ-1007,2025-04-25,480,461,1.38,331,327
EQ-1007,2025-04-26,480,459,1.26,324,320
EQ-1007,2025-04-27,480,468,1.27,293,292
EQ-1007,2025-04-28,480,474,1.49,355,341
EQ-1007,2025-04-29,480,424,0.88,377,375
EQ-1007,2025-04-30,480,428,1.15,332,318
EQ-1007,2025-05-01,480,479,1.34,365,356
EQ-1007,2025-05-02,480,442,1.23,266,253
EQ-1007,2025-05-03,480,480,1.45,356,349
EQ-1007,2025-05-04,480,474,0.89,334,331
EQ-1007,2025-05-05,480,450,0.81,299,288
EQ-1007,2025-05-06,480,434,1.13,341,341
EQ-1007,2025-05-07,480,479,0.95,355,349
EQ-1007,2025-05-08,480,462,1.22,253,242
EQ-1007,2025-05-09,480,438,0.89,289,288
EQ-1007,2025-05-10,480,439,1.47,261,259
EQ-1007,2025-05-11,480,421,1.42,298,297
EQ-1007,2025-05-12,480,453,0.8,333,328
EQ-1007,2025-05-13,480,421,1.34,374,365
EQ-1007,2025-05-14,480,440,1.46,326,319
EQ-1007,2025-05-15,480,427,1.26,296,292
EQ-1007,2025-05-16,480,461,0.89,271,263
EQ-1007,2025-05-17,480,465,1.29,276,268
EQ-1007,2025-05-18,480,469,1.04,338,337
EQ-1007,2025-05-19,480,472,1.03,325,316
EQ-1007,2025-05-20,480,421,1.24,269,263
EQ-1007,2025-05-21,480,457,1.34,373,370
EQ-1007,2025-05-22,480,424,1.14,379,365
EQ-1007,2025-05-23,480,469,1.48,278,264
EQ-1007,2025-05-24,480,442,1.21,333,321
EQ-1007,2025-05-25,480,467,1.15,387,374
EQ-1007,2025-05-26,480,423,1.39,391,390
EQ-1007,2025-05-27,480,445,1.08,285,273
EQ-1007,2025-05-28,480,445,1.31,376,364
EQ-1007,2025-05-29,480,436,1.22,345,345
EQ-1007,2025-05-30,480,478,1.28,267,262
EQ-1007,2025-05-31,480,465,0.98,358,348
EQ-1007,2025-06-01,480,430,0.95,398,391
EQ-1007,2025-06-02,480,436,1.22,389,389
EQ-1007,2025-06-03,480,435,1.39,310,304
EQ-1007,2025-06-04,480,440,0.89,293,293
EQ-1007,2025-06-05,480,476,1.12,293,292
EQ-1007,2025-06-06,480,441,0.87,365,359
EQ-1007,2025-06-07,480,448,1.0,328,318
EQ-1007,2025-06-08,480,453,0.81,348,348
EQ-1007,2025-06-09,480,468,0.98,281,274
EQ-1007,2025-06-10,480,472,1.47,284,280
EQ-1007,2025-06-11,480,479,1.19,344,339
EQ-1007,2025-06-12,480,426,1.22,338,331
EQ-1007,2025-06-13,480,442,1.14,336,326
EQ-1007,2025-06-14,480,452,1.49,337,327
EQ-1007,2025-06-15,480,461,0.86,265,263
EQ-1007,2025-06-16,480,428,1.21,376,367
EQ-1007,2025-06-17,480,452,1.01,330,329
EQ-1007,2025-06-18,480,433,1.4,257,245
EQ-1007,2025-06-19,480,446,0.89,380,369
EQ-1007,2025-06-20,480,461,1.27,357,346
EQ-1007,2025-06-21,480,477,1.29,322,316
EQ-1007,2025-06-22,480,454,1.1,268,263
EQ-1007,2025-06-23,480,421,1.23,390,378
EQ-1007,2025-06-24,480,428,1.34,301,287
EQ-1007,2025-06-25,480,473,1.36,292,290
EQ-1007,2025-06-26,480,433,0.89,291,282
EQ-1007,2025-06-27,480,453,1.0,292,280
EQ-1007,2025-06-28,480,469,1.34,288,286
EQ-1007,2025-06-29,480,439,1.13,260,251
EQ-1008,2025-01-01,480,438,1.37,287,286
EQ-1008,2025-01-02,480,429,0.99,383,370
EQ-1008,2025-01-03,480,441,1.02,314,312
EQ-1008,2025-01-04,480,434,1.18,301,296
EQ-1008,2025-01-05,480,477,1.06,260,254
EQ-1008,2025-01-06,480,469,0.93,351,338
EQ-1008,2025-01-07,480,435,1.05,366,362
EQ-1008,2025-01-08,480,456,1.31,370,358
EQ-1008,2025-01-09,480,429,1.38,303,295
EQ-1008,2025-01-10,480,474,1.27,324,324
EQ-1008,2025-01-11,480,427,1.12,260,249
EQ-1008,2025-01-12,480,453,1.19,272,271
EQ-1008,2025-01-13,480,456,1.21,306,297
EQ-1008,2025-01-14,480,467,0.84,346,343
EQ-1008,2025-01-15,480,464,0.91,279,268
EQ-1008,2025-01-16,480,466,0.87,342,330
EQ-1008,2025-01-17,480,422,1.12,351,342
EQ-1008,2025-01-18,480,429,1.26,313,308
EQ-1008,2025-01-19,480,456,1.08,313,307
EQ-1008,2025-01-20,480,463,1.46,271,271
EQ-1008,2025-01-21,480,424,0.94,323,314
EQ-1008,2025-01-22,480,443,1.22,374,373
EQ-1008,2025-01-23,480,428,1.41,250,239
EQ-1008,2025-01-24,480,477,1.27,253,253
EQ-1008,2025-01-25,480,474,0.95,253,253
EQ-1008,2025-01-26,480,457,1.22,284,277
EQ-1008,2025-01-27,480,454,1.36,372,362
EQ-1008,2025-01-28,480,453,1.21,370,369
EQ-1008,2025-01-29,480,434,1.01,265,263
EQ-1008,2025-01-30,480,444,1.41,280,277
EQ-1008,2025-01-31,480,455,0.86,297,284
EQ-1008,2025-02-01,480,451,1.13,381,368
EQ-1008,2025-02-02,480,469,1.02,315,304
EQ-1008,2025-02-03,480,428,1.38,267,258
EQ-1008,2025-02-04,480,423,0.94,250,236
EQ-1008,2025-02-05,480,475,1.49,339,327
EQ-1008,2025-02-06,480,444,1.31,335,333
EQ-1008,2025-02-07,480,424,1.1,350,337
EQ-1008,2025-02-08,480,451,1.43,261,256
EQ-1008,2025-02-09,480,460,0.82,386,381
EQ-1008,2025-02-10,480,438,0.81,278,278
EQ-1008,2025-02-11,480,429,0.89,264,263
EQ-1008,2025-02-12,480,474,0.82,267,265
EQ-1008,2025-02-13,480,450,1.43,357,347
EQ-1008,2025-02-14,480,463,1.37,317,307
EQ-1008,2025-02-15,480,457,0.99,347,335
EQ-1008,2025-02-16,480,439,1.19,376,371
EQ-1008,2025-02-17,480,422,1.35,334,328
EQ-1008,2025-02-18,480,453,1.47,391,385
EQ-1008,2025-02-19,480,472,1.09,368,368
EQ-1008,2025-02-20,480,458,0.81,399,395
EQ-1008,2025-02-21,480,471,1.35,302,292
EQ-1008,2025-02-22,480,474,1.18,371,357
EQ-1008,2025-02-23,480,462,1.11,360,358
EQ-1008,2025-02-24,480,446,1.32,278,264
EQ-1008,2025-02-25,480,468,0.84,360,355
EQ-1008,2025-02-26,480,473,1.47,316,309
EQ-1008,2025-02-27,480,477,1.39,333,319
EQ-1008,2025-02-28,480,458,0.81,294,287
EQ-1008,2025-03-01,480,467,1.16,258,247
EQ-1008,2025-03-02,480,474,1.47,320,306
EQ-1008,2025-03-03,480,432,0.83,271,264
EQ-1008,2025-03-04,480,438,1.25,250,241
EQ-1008,2025-03-05,480,431,1.21,362,354
EQ-1008,2025-03-06,480,440,0.92,361,348
EQ-1008,2025-03-07,480,475,0.92,272,262
EQ-1008,2025-03-08,480,468,1.28,274,273
EQ-1008,2025-03-09,480,422,0.86,277,276
EQ-1008,2025-03-10,480,425,0.8,341,339
EQ-1008,2025-03-11,480,441,1.09,360,352
EQ-1008,2025-03-12,480,424,1.26,317,304
EQ-1008,2025-03-13,480,473,0.87,316,307
EQ-1008,2025-03-14,480,451,1.18,273,267
EQ-1008,2025-03-15,480,427,1.14,274,271
EQ-1008,2025-03-16,480,471,1.23,331,330
EQ-1008,2025-03-17,480,469,1.18,363,349
EQ-1008,2025-03-18,480,424,0.85,363,349
EQ-1008,2025-03-19,480,442,1.25,396,394
EQ-1008,2025-03-20,480,436,0.97,263,258
EQ-1008,2025-03-21,480,426,0.96,300,290
EQ-1008,2025-03-22,480,469,1.23,268,267
EQ-1008,2025-03-23,480,422,1.31,341,330
EQ-1008,2025-03-24,480,429,1.06,277,267
EQ-1008,2025-03-25,480,446,1.41,286,277
EQ-1008,2025-03-26,480,468,0.9,329,324
EQ-1008,2025-03-27,480,465,1.23,303,298
EQ-1008,2025-03-28,480,437,1.24,295,288
EQ-1008,2025-03-29,480,441,1.31,334,325
EQ-1008,2025-03-30,480,458,0.89,314,309
EQ-1008,2025-03-31,480,438,1.01,336,326
EQ-1008,2025-04-01,480,463,1.09,326,316
EQ-1008,2025-04-02,480,442,1.2,398,390
EQ-1008,2025-04-03,480,463,1.19,294,283
EQ-1008,2025-04-04,480,430,0.85,296,289
EQ-1008,2025-04-05,480,454,1.05,299,296
EQ-1008,2025-04-06,480,436,0.98,386,382
EQ-1008,2025-04-07,480,441,1.09,270,261
EQ-1008,2025-04-08,480,458,1.23,326,326
EQ-1008,2025-04-09,480,464,1.02,366,355
EQ-1008,2025-04-10,480,431,1.29,274,265
EQ-1008,2025-04-11,480,443,1.09,324,316
EQ-1008,2025-04-12,480,479,0.86,324,311
EQ-1008,2025-04-13,480,448,1.46,366,364
EQ-1008,2025-04-14,480,429,0.86,395,395
EQ-1008,2025-04-15,480,480,1.09,284,271
EQ-1008,2025-04-16,480,447,0.94,375,365
EQ-1008,2025-04-17,480,462,1.42,396,390
EQ-1008,2025-04-18,480,439,1.23,322,322
EQ-1008,2025-04-19,480,441,0.93,329,318
EQ-1008,2025-04-20,480,436,0.97,283,275
EQ-1008,2025-04-21,480,449,1.21,371,366
EQ-1008,2025-04-22,480,439,1.38,288,274
EQ-1008,2025-04-23,480,457,1.34,267,256
EQ-1008,2025-04-24,480,466,1.08,322,308
EQ-1008,2025-04-25,480,472,1.07,258,246
EQ-1008,2025-04-26,480,446,1.01,265,251
EQ-1008,2025-04-27,480,476,1.19,318,312
EQ-1008,2025-04-28,480,479,1.2,395,381
EQ-1008,2025-04-29,480,436,1.37,253,244
EQ-1008,2025-04-30,480,473,1.3,344,336
EQ-1008,2025-05-01,480,451,1.25,359,351
EQ-1008,2025-05-02,480,439,0.98,348,344
EQ-1008,2025-05-03,480,469,1.4,369,357
EQ-1008,2025-05-04,480,474,1.05,322,319
EQ-1008,2025-05-05,480,458,1.02,305,294
EQ-1008,2025-05-06,480,460,1.23,313,307
EQ-1008,2025-05-07,480,431,1.45,338,324
EQ-1008,2025-05-08,480,468,1.03,379,371
EQ-1008,2025-05-09,480,475,1.1,355,349
EQ-1008,2025-05-10,480,470,1.06,348,347
EQ-1008,2025-05-11,480,459,1.25,318,316
EQ-1008,2025-05-12,480,465,1.08,375,361
EQ-1008,2025-05-13,480,466,1.37,354,351
EQ-1008,2025-05-14,480,467,1.33,284,278
EQ-1008,2025-05-15,480,474,0.93,351,348
EQ-1008,2025-05-16,480,465,0.82,298,290
EQ-1008,2025-05-17,480,453,1.14,321,320
EQ-1008,2025-05-18,480,464,1.22,332,323
EQ-1008,2025-05-19,480,471,1.01,256,246
EQ-1008,2025-05-20,480,463,1.34,255,248
EQ-1008,2025-05-21,480,456,1.46,278,265
EQ-1008,2025-05-22,480,430,0.84,324,315
EQ-1008,2025-05-23,480,470,1.01,277,275
EQ-1008,2025-05-24,480,455,1.4,327,325
EQ-1008,2025-05-25,480,442,0.86,303,296
EQ-1008,2025-05-26,480,461,1.33,321,319
EQ-1008,2025-05-27,480,472,1.0,308,302
EQ-1008,2025-05-28,480,477,1.49,305,300
EQ-1008,2025-05-29,480,436,1.24,380,375
EQ-1008,2025-05-30,480,454,0.84,276,276
EQ-1008,2025-05-31,480,422,0.95,336,328
EQ-1008,2025-06-01,480,431,1.39,366,366
EQ-1008,2025-06-02,480,446,1.08,376,376
EQ-1008,2025-06-03,480,429,1.36,297,295
EQ-1008,2025-06-04,480,467,1.45,348,345
EQ-1008,2025-06-05,480,450,1.27,310,296
EQ-1008,2025-06-06,480,458,1.42,273,270
EQ-1008,2025-06-07,480,475,1.23,328,314
EQ-1008,2025-06-08,480,426,1.04,299,296
EQ-1008,2025-06-09,480,434,0.99,380,367
EQ-1008,2025-06-10,480,441,1.4,347,340
EQ-1008,2025-06-11,480,468,1.08,365,365
EQ-1008,2025-06-12,480,467,1.48,328,317
EQ-1008,2025-06-13,480,427,1.04,347,346
EQ-1008,2025-06-14,480,473,1.12,287,274
EQ-1008,2025-06-15,480,444,1.08,379,379
EQ-1008,2025-06-16,480,452,1.26,305,292
EQ-1008,2025-06-17,480,444,1.13,271,269
EQ-1008,2025-06-18,480,438,1.37,371,371
EQ-1008,2025-06-19,480,460,1.12,379,376
EQ-1008,2025-06-20,480,464,1.26,343,338
EQ-1008,2025-06-21,480,461,1.5,318,314
EQ-1008,2025-06-22,480,444,0.8,300,292
EQ-1008,2025-06-23,480,438,0.94,315,307
EQ-1008,2025-06-24,480,459,1.44,313,308
EQ-1008,2025-06-25,480,463,1.38,359,359
EQ-1008,2025-06-26,480,480,1.31,376,376
EQ-1008,2025-06-27,480,463,0.88,253,241
EQ-1008,2025-06-28,480,453,0.85,308,308
EQ-1008,2025-06-29,480,465,0.96,319,306
EQ-1009,2025-01-01,480,457,0.96,363,354
EQ-1009,2025-01-02,480,463,0.83,262,255
EQ-1009,2025-01-03,480,438,1.12,362,358
EQ-1009,2025-01-04,480,458,1.27,328,327
EQ-1009,2025-01-05,480,447,1.27,279,270
EQ-1009,2025-01-06,480,425,1.12,316,310
EQ-1009,2025-01-07,480,475,1.02,256,249
EQ-1009,2025-01-08,480,432,0.97,317,304
EQ-1009,2025-01-09,480,460,1.4,356,344
EQ-1009,2025-01-10,480,434,1.17,258,248
EQ-1009,2025-01-11,480,457,1.08,377,374
EQ-1009,2025-01-12,480,427,0.85,321,321
EQ-1009,2025-01-13,480,474,0.97,273,259
EQ-1009,2025-01-14,480,426,0.93,312,304
EQ-1009,2025-01-15,480,452,0.96,311,298
EQ-1009,2025-01-16,480,430,1.41,375,363
EQ-1009,2025-01-17,480,450,1.03,347,347
EQ-1009,2025-01-18,480,423,1.04,395,389
EQ-1009,2025-01-19,480,456,1.01,391,385
EQ-1009,2025-01-20,480,425,1.39,271,269
EQ-1009,2025-01-21,480,447,1.0,306,295
EQ-1009,2025-01-22,480,429,1.44,374,374
EQ-1009,2025-01-23,480,480,1.41,314,312
EQ-1009,2025-01-24,480,422,0.97,265,254
EQ-1009,2025-01-25,480,480,1.4,275,264
EQ-1009,2025-01-26,480,422,1.39,266,258
EQ-1009,2025-01-27,480,466,1.42,320,309
EQ-1009,2025-01-28,480,449,1.41,327,321
EQ-1009,2025-01-29,480,464,1.28,259,258
EQ-1009,2025-01-30,480,449,1.15,319,314
EQ-1009,2025-01-31,480,434,1.09,378,373
EQ-1009,2025-02-01,480,436,1.18,395,390
EQ-1009,2025-02-02,480,468,0.93,272,263
EQ-1009,2025-02-03,480,455,1.47,293,283
EQ-1009,2025-02-04,480,426,1.31,285,273
EQ-1009,2025-02-05,480,479,1.07,318,306
EQ-1009,2025-02-06,480,443,1.33,346,340
EQ-1009,2025-02-07,480,455,1.07,327,315
EQ-1009,2025-02-08,480,452,1.34,316,310
EQ-1009,2025-02-09,480,423,0.9,320,318
EQ-1009,2025-02-10,480,474,1.24,331,321
EQ-1009,2025-02-11,480,429,1.37,310,297
EQ-1009,2025-02-12,480,474,1.24,352,343
EQ-1009,2025-02-13,480,421,1.38,398,385
EQ-1009,2025-02-14,480,434,0.89,323,321
EQ-1009,2025-02-15,480,449,1.01,305,297
EQ-1009,2025-02-16,480,435,1.05,277,277
EQ-1009,2025-02-17,480,445,1.13,379,365
EQ-1009,2025-02-18,480,456,1.16,262,248
EQ-1009,2025-02-19,480,455,1.28,271,257
EQ-1009,2025-02-20,480,444,1.02,323,315
EQ-1009,2025-02-21,480,440,1.05,366,361
EQ-1009,2025-02-22,480,448,0.86,359,352
EQ-1009,2025-02-23,480,449,0.86,306,305
EQ-1009,2025-02-24,480,472,1.14,311,304
EQ-1009,2025-02-25,480,431,1.04,266,262
EQ-1009,2025-02-26,480,463,1.48,334,330
EQ-1009,2025-02-27,480,464,1.42,323,311
EQ-1009,2025-02-28,480,463,0.94,350,338
EQ-1009,2025-03-01,480,452,0.94,263,263
EQ-1009,2025-03-02,480,461,1.04,331,321
EQ-1009,2025-03-03,480,437,1.21,296,286
EQ-1009,2025-03-04,480,466,0.83,328,318
EQ-1009,2025-03-05,480,429,0.95,268,259
EQ-1009,2025-03-06,480,463,1.14,341,341
EQ-1009,2025-03-07,480,448,1.38,380,379
EQ-1009,2025-03-08,480,448,1.44,266,255
EQ-1009,2025-03-09,480,438,1.1,312,310
EQ-1009,2025-03-10,480,429,1.36,348,341
EQ-1009,2025-03-11,480,435,1.35,367,361
EQ-1009,2025-03-12,480,427,1.32,393,386
EQ-1009,2025-03-13,480,471,1.08,298,290
EQ-1009,2025-03-14,480,473,0.84,393,384
EQ-1009,2025-03-15,480,465,1.32,341,336
EQ-1009,2025-03-16,480,467,1.14,320,312
EQ-1009,2025-03-17,480,474,1.18,339,326
EQ-1009,2025-03-18,480,461,1.14,370,358
EQ-1009,2025-03-19,480,455,0.95,317,305
EQ-1009,2025-03-20,480,451,1.47,391,380
EQ-1009,2025-03-21,480,468,1.01,293,293
EQ-1009,2025-03-22,480,437,1.23,375,374
EQ-1009,2025-03-23,480,441,0.89,297,294
EQ-1009,2025-03-24,480,468,0.83,336,322
EQ-1009,2025-03-25,480,479,1.26,297,286
EQ-1009,2025-03-26,480,426,0.91,295,293
EQ-1009,2025-03-27,480,467,1.31,315,312
EQ-1009,2025-03-28,480,435,1.2,293,281
EQ-1009,2025-03-29,480,463,0.85,349,344
EQ-1009,2025-03-30,480,451,1.03,372,367
EQ-1009,2025-03-31,480,475,1.03,320,318
EQ-1009,2025-04-01,480,444,0.94,302,292
EQ-1009,2025-04-02,480,466,1.34,318,308
EQ-1009,2025-04-03,480,458,1.1,371,367
EQ-1009,2025-04-04,480,478,1.35,258,244
EQ-1009,2025-04-05,480,460,0.94,266,257
EQ-1009,2025-04-06,480,443,1.32,370,360
EQ-1009,2025-04-07,480,426,1.4,374,372
EQ-1009,2025-04-08,480,469,1.47,263,254
EQ-1009,2025-04-09,480,447,0.94,368,355
EQ-1009,2025-04-10,480,464,0.84,371,371
EQ-1009,2025-04-11,480,469,1.35,364,364
EQ-1009,2025-04-12,480,439,0.84,390,389
EQ-1009,2025-04-13,480,463,1.3,370,367
EQ-1009,2025-04-14,480,464,1.31,379,368
EQ-1009,2025-04-15,480,430,1.3,255,248
EQ-1009,2025-04-16,480,472,1.14,376,365
EQ-1009,2025-04-17,480,428,1.09,388,377
EQ-1009,2025-04-18,480,445,1.31,361,354
EQ-1009,2025-04-19,480,431,0.86,263,258
EQ-1009,2025-04-20,480,431,0.99,398,387
EQ-1009,2025-04-21,480,458,0.85,269,262
EQ-1009,2025-04-22,480,443,1.15,378,369
EQ-1009,2025-04-23,480,437,1.39,293,288
EQ-1009,2025-04-24,480,464,1.4,371,366
EQ-1009,2025-04-25,480,430,1.24,287,280
EQ-1009,2025-04-26,480,475,0.86,398,391
EQ-1009,2025-04-27,480,457,1.23,375,369
EQ-1009,2025-04-28,480,453,1.13,267,260
EQ-1009,2025-04-29,480,433,0.87,345,334
EQ-1009,2025-04-30,480,424,0.88,323,310
EQ-1009,2025-05-01,480,455,1.34,281,272
EQ-1009,2025-05-02,480,424,1.13,272,271
EQ-1009,2025-05-03,480,452,0.84,375,369
EQ-1009,2025-05-04,480,479,1.3,282,278
EQ-1009,2025-05-05,480,430,0.98,333,331
EQ-1009,2025-05-06,480,457,1.2,395,382
EQ-1009,2025-05-07,480,428,1.23,279,268
EQ-1009,2025-05-08,480,423,0.87,388,387
EQ-1009,2025-05-09,480,456,1.2,262,255
EQ-1009,2025-05-10,480,444,1.0,396,395
EQ-1009,2025-05-11,480,427,1.0,272,262
EQ-1009,2025-05-12,480,447,0.92,389,382
EQ-1009,2025-05-13,480,424,0.84,385,384
EQ-1009,2025-05-14,480,452,1.18,262,260
EQ-1009,2025-05-15,480,423,0.95,353,343
EQ-1009,2025-05-16,480,470,1.16,325,324
EQ-1009,2025-05-17,480,444,1.32,331,319
EQ-1009,2025-05-18,480,444,1.22,251,237
EQ-1009,2025-05-19,480,465,1.08,337,326
EQ-1009,2025-05-20,480,444,0.82,322,308
EQ-1009,2025-05-21,480,468,1.18,323,320
EQ-1009,2025-05-22,480,466,0.99,359,358
EQ-1009,2025-05-23,480,441,0.94,376,370
EQ-1009,2025-05-24,480,466,1.08,348,334
EQ-1009,2025-05-25,480,480,0.93,334,329
EQ-1009,2025-05-26,480,444,0.95,357,348
EQ-1009,2025-05-27,480,436,1.5,334,322
EQ-1009,2025-05-28,480,477,1.11,372,359
EQ-1009,2025-05-29,480,456,1.39,302,293
EQ-1009,2025-05-30,480,433,0.81,339,335
EQ-1009,2025-05-31,480,476,0.83,258,247
EQ-1009,2025-06-01,480,446,1.44,277,270
EQ-1009,2025-06-02,480,468,0.89,359,358
EQ-1009,2025-06-03,480,467,1.11,358,349
EQ-1009,2025-06-04,480,448,0.87,317,313
EQ-1009,2025-06-05,480,444,0.95,354,347
EQ-1009,2025-06-06,480,424,1.45,323,313
EQ-1009,2025-06-07,480,452,0.96,392,388
EQ-1009,2025-06-08,480,469,1.07,300,291
EQ-1009,2025-06-09,480,465,1.47,344,343
EQ-1009,2025-06-10,480,469,1.3,274,268
EQ-1009,2025-06-11,480,472,0.97,350,348
EQ-1009,2025-06-12,480,446,1.41,395,385
EQ-1009,2025-06-13,480,447,1.18,370,364
EQ-1009,2025-06-14,480,440,1.33,253,241
EQ-1009,2025-06-15,480,465,0.89,277,268
EQ-1009,2025-06-16,480,439,0.84,318,317
EQ-1009,2025-06-17,480,464,1.06,345,336
EQ-1009,2025-06-18,480,446,1.08,340,333
EQ-1009,2025-06-19,480,443,1.2,339,339
EQ-1009,2025-06-20,480,422,1.36,381,381
EQ-1009,2025-06-21,480,457,1.09,379,379
EQ-1009,2025-06-22,480,434,0.89,375,361
EQ-1009,2025-06-23,480,438,1.06,297,295
EQ-1009,2025-06-24,480,465,1.15,373,364
EQ-1009,2025-06-25,480,477,1.18,392,382
EQ-1009,2025-06-26,480,431,1.46,362,357
EQ-1009,2025-06-27,480,469,1.4,373,373
EQ-1009,2025-06-28,480,450,1.18,305,302
EQ-1009,2025-06-29,480,428,1.41,336,331
